*
NOTE Diamond (64-bit) 3.14.0.75.2 JEDEC Compatible Fuse File.*
NOTE Copyright (C), 1992-2010, Lattice Semiconductor Corporation.*
NOTE All Rights Reserved.*
NOTE DATE CREATED:	Sat Sep 12 23:17:22 2026*
NOTE DESIGN NAME:	noise_generator_target_impl1.ncd*
NOTE DEVICE NAME:	LCMXO2-640HC-4TQFP100*
NOTE JEDEC FILE STATUS:	Final   Version 1.95*
NOTE PIN ASSIGNMENTS*
NOTE PINS dac_out_o[1] : 66 : out*
NOTE PINS dac_out_o[2] : 67 : out*
NOTE PINS dac_out_o[3] : 68 : out*
NOTE PINS dac_out_o[4] : 69 : out*
NOTE PINS dac_out_o[7] : 74 : out*
NOTE PINS dac_out_o[0] : 65 : out*
NOTE PINS dac_out_o[5] : 70 : out*
NOTE PINS dac_out_o[6] : 71 : out*
NOTE PINS pwm_ref_o : 64 : out*
NOTE PINS i2c_sda_io : 85 : inout*
NOTE PINS led_n_o[9] : 10 : out*
NOTE PINS led_n_o[8] : 9 : out*
NOTE PINS led_n_o[7] : 8 : out*
NOTE PINS led_n_o[6] : 7 : out*
NOTE PINS led_n_o[5] : 19 : out*
NOTE PINS led_n_o[4] : 18 : out*
NOTE PINS led_n_o[3] : 17 : out*
NOTE PINS led_n_o[2] : 16 : out*
NOTE PINS led_n_o[1] : 15 : out*
NOTE PINS led_n_o[0] : 14 : out*
NOTE PINS clk_100mhz_i : 3 : in*
NOTE PINS i2c_scl_i : 86 : in*
NOTE PINS i2c_adr_i[1] : 2 : in*
NOTE PINS i2c_adr_i[0] : 1 : in*
NOTE PINS SYSCONFIG_PIN_MCLK : 31 : inout*
NOTE PINS SYSCONFIG_PIN_SO : 32 : inout*
NOTE PINS SYSCONFIG_PIN_SN : 48 : in*
NOTE PINS SYSCONFIG_PIN_SI : 49 : inout*
QP100*
QF171904*
G0*
F0*
L000000
11111111111111111011110110110011111111111111111100111011000000000000000000000000000000100000000000000000000000000000010101010000
11111111010010000000100100111111100100001111110001000110000000000000000000000000101110001110000000000000110101110000000000000000
00000000000000000000000000000000000000000000000000000000000000000000000000000000000000000000000000000000100010001000100000010001
00000010001000100010000001000100010001000000100010000000001000100010001000100010000000001000100000000010001000100010001000100000
00001000100000000000000000000000000000001000100010010000000100100000001001000010001000000100010001001000000010010000000000100010
00100100001000100000000010010000000000100010001001000010001000000000100100000000000000000000000000000000000000000000000000000000
00000000000000000000000000000000000000000000000000000000000000000000000000000000000000000000000000000000000000000000000000000000
00000000000000000000000000000000000000000000000000000000000000000000000000000000000000000000000000000000000000000000100011000001
00011001011110000000000000000000000000000000000000000000000000000000000000000000000000000000000000000000000100000000000000000000
00100010001001010000010010100000000100001000000000000000000000000000000000000000000000000000000000000000000000000000000000010001
00000000010011000000100110110010010001000000010010000100000001000110000000001001110000000000000000100001100111000000000000000000
00000000000000000000000000000000000000000000000000000000000000000001000100000000000000000000000000000000000000000000000000000000
00000000000000000000000000000000000000000000000000100001000000000000000000000000000000000000000000000000000000000000000000000000
00000000000000000000000000000000000000000001001110000000000000100001001001000000000000000000000000000000000000000000000000000000
00000000000000000000000000000000000010010100000000000000000110011000000010011101001100000000000000000000000000000000000000000000
00000000000000000000000000000000000000000000100100000000000000000000000000000000000000000000000000000000000000000000000000000000
00000000000000000000000000000000000010001100000000010010100000000000000000000000000000000000000000000000000000000000000000000000
00000000000000000000000000010000100000100001000000000000100011000000000000000000000000000000000000000000000000000000000000000000
00000000000000000000000000010000000000100000001001100010000100000000000000000110000001100000000000000000000000000000000000000000
00000000000000000000000000000000000000000000000000000001000000000000000000000000000000000000000000000000000000000000000000000000
00000000000000000000000000000000000000000000000000010011000001000110001001010100100000000000000000000000000000000000000000000000
00000000000000000000000000000000000000000000000000000000000000000000100011000010000000000100001000000000000000000000000000000000
00000000000000000000000000000000000000000000000000000000000100011000011011100000000010011000100010000000100111000000000000000000
00000000000000000000000000000000000000000000000000000000000000000000000000000000000000000000000000000000000000000000000000000000
00000001000110000000000000000000000000000000000000000000000000000000000000000000000000000000000000000000000000000000000000000000
00000000000000000000000000000000000010010000000000000000000100100000000000000000000000000000000000000000000000000000000000000001
00101000000000000000001100110000000000000000000000100101000001011100000000000010010100000000000000000000000000000000000000000000
00000000000000000000000000000000000000000000000000000000000000000000000000000000000000000000000000000000000000000000000000000000
00000000000000000000000000000000000000000100111000000000010000100000000000000000000000000000000000000000000000000000000000000000
00000000000000000000000000000000000000000000000000000111000001000000000000000000100111000000000000000000000000000000000000000000
00000000000000000000000000000000000000001000100000000000000100111000000000000000100010000000000000000000000000000000000000000000
00000000000000000000000000000000000000000000000000001000101001110000000000000000000000000000000000000000000000000000000000000000
00000100101000000000001000100000000000000000100110001000010100000101111010010110000110010110001110100100100001100101010100100100
00010010100000001110101000100100001000110000000000000000000101100000000000000100000101100000000000000000001000011001100100100001
00001100110000010000110011001000000010000110011000000001000011001110001100011000000000110010100011000110000111001001010011010011
10001110010010110100001010011100100000110001001010011001000000100000110010011011010001000000110010001011010011011000110000000000
01001010000000000000000001000010000000000000000000010011000000100110000001001100000010011000000000000000001000101101000100101111
11001100000100010100100110100010010011101001101000101001001101000100100111010001110000010100110011010100100011101000001101000100
10011110011000001001110000001011001011000000000000000000000000000000000000000000001000000000010000000000100000000001000000000000
00000010010100011010100010001001010111010000110000010010001001000111010000110000010010001001010110010000100100010001010111000011
00011000001001110000000000010010100000000000000000000000000000000000000000000000000000000000110000011100000100100000001101000101
00100001111010000001110000100100111010000111101000000100111001000001001010110010000100011100110000000010001110001110011100100001
00000001000010100100000000000000000000000110001110000000100011000000001000011001100000100001100110000010000110011000000001000110
00001001110000100100100011001100010010100110100111100010100011011000100101001101001110010000011000100101001101001000001000011101
00010001000110011001000101001101101110000000100100010100100000101110000000000000000000000000000001100011100000001001010000000001
00110000001001100000010011000000001001110000001011000000100010100111100010100100110100010001001110100010100100110100010000010000
01010011001100001000101000101001100100110010001110001011010000010000010011001100101000000100010010011000000000000000000001100000
11100000000000000000000010000000000100000000001000000000000010010100001101000100000000100101001101100001011000100100111010000001
10110000101001000001100100001010001000011001000011000010001001101100100001100011100101000110110000100000000000000000000000000000
00000000000010001100000000000000000001001110001011001001001001111100010001010001110001100100000001000000010000110001010011100100
00110010100000100001110000101000001000000110110100010000110011111100010101100000011100100100000100111110001001010000111000100100
10000011100000100000011000001100000100000111101001000110001000101000011110000010000000001100000011000000011000111001001000000010
00000000000000000000000000010000010010101000001101000010001001010100111100001010001100110010010010001101000011100100001100011000
10000010010111001100000001000010110010000100001111010000010000000110010001010011001000111110001001010000001100110000001000000110
01001100100001000100001000010001111001001010010001000000000000000110001110000000000001000010000000000000000001000010000100000111
00000100100110001000000000000010010010001010011100010011000000000000001000111101011000110001011010011101001011101100000000100110
10011100001000110000010001100100100010011010011000100001000000001100000111000000000000000000000000000000000000000100101010000110
01000011001001001000011101101000100100010011010001000000010011000001001010000010000000000110001010000100000001100001101011000010
10110000101010011110011100010010010001001100100001001110001001000010000010000000110010010000100100000000000000000000000000000000
00010001000000000000100000000110001011010011111001000010111000000110010010001110110010011000010000110000010011010011010000100010
00101001111000010000100101000001001010110001001010110011000010101010011111010000110101000110111010101101000110000100011001000110
10000111001000100000100010000001000011101001101000000001100000111000000000001000100001001101001100100000100111000000010011100000
00000100001000001110000010100011001100010001100001100100100011011100000111001111011000001000110000100000000110000001110010000001
10000001110010010010010011010000110010100100110011101100001001101101100000001100101000100110010000110011100000000100111001000110
01001110000000000000000000001000000001001000100001111000000100110010100000000000000000000000001001011001101001001001011000011000
00100101100110100010100010100100111000010010010000100010100111001011000000000000010011010011011001010010100011100110100100001000
11111001000111010001010001000110001001010100001100011000100010110011100000100110010001001001100000000000000000000100100001001010
00000000000000000000000100110010001001101000100110011000010011100010101110000001000111000001001100000000000000001001001101100000
01000011110000001110000110010011011001000101000101000010000001000000000010011000000000001000011000000000000000000010011100000111
00000100010001101001100001000100100111000100010010011100010001001001111110000010100101100100110000011000111010000000100110110011
00101011100010000111000110001000100100011100010001101000010100011100011001100010101110110010110011100100010111000000110001110001
11000000100100100010010011100010001111100000011000101001110011000110000001001111000101110100000011011100000000000010001110010110
01001101100000000000011000001110000011001010000000001001110100101100011001001100100011000100110010001100010011001000110100111110
01000111001001001110010011001110001010011000000111010110100000111000001011010000010110010100100101011011101000001001010110011000
01001100100011010000101101101000111100001011100010001001011001010110100001000100111001000001001111001111000110000100011000100111
00000000100011010010110011111100000010100011000000000000000000010000101001001000101001010100100100110001000110100110000100011010
01100001000110110100001000011001010011001101000011001000100010100100110011000010111000100010010001001001101100010100100010111100
00001000101001110001000111000101001101001101000100110000101001001101100011000010010110001110100111000010100101001011001000101100
00110110011101010010110001000110011110011000100010000100011000001001100100010100000001001100000000000000000000000000010011100010
01000100101000100100010010100010010001001010100110000001001100101011100000010011010011001100101001110100001000001101000110111001
00010000100001100000100101100100000101111010010100110001001011001000101011000000011001100001001100010001100010011001000101010111
00111100110000000001000100000000001100000111000000000100100000000100000100111000100010010011100010001001001110001000100100111010
01011000101110000010100111110001100110000101000110110000101010000001000110011000100101000000010001010000101001111001111000001000
11100010100001110111000000011001010011001011101100000100101100101011000010101001110100110001101101001110001001010011101000111010
01100001100101000011011010101100100110000010010110000000001001011100100110000000000000000000100001100010010011001001100100110100
01010001100010011001000110001001100100011000100110000011001010000010011100010001001100000110110000101011011000000001000100001101
10100011000001100000110100000110001000010011001000011001011001001001110011001010011011000000110111000000000001000111001100000010
01010010001000001110000001001000110000000000000000001000001001000000100001111000100010000010011000010001101001101100101000001000
11010011000010001100100001000100101111000001001001000100110001001010000100001110000101010001010000010001111001010001100100010010
00100100011110010101001000110100100100000110010010010011000011001000010101110110001001000100000100000100100001001011100000110010
01011001100000010000100011000010101001010010001000010011000000000010010000100010010001101001100010010010010100010010001001010001
00100010010100010010001001010111100000001000000000100110110001010011000100010100111110100010000001111000000110010001010111110000
11100100001111000100000100110110001001010011110011110010100110001100011000100010000110010010011000010100010010101000100101001000
10010110011010011101001100100010001000011001100100010010011100010001100000000000000000000110101010111111100001001001011011010001
10100100110101010100011100100101010101010001101001001101010101000111001001010101010100011010010011010101010001110010010101010110
00000111011001111000000110000011010010010101010100010101110101010100010100110101010100010001111101000001100000110011101000001011
01100000111001010111101010011110010010110101100111100110101101001001111001010111101010001110010010110001100111100110101101001001
11100101011110101001111001001011010110011110011010101100111101111110110100111000101101111111010111010110010000111110111011101100
00001100001111101101100100101010111011011010101111101011011111110000101001110000111111101101101000111101111111101000101001101010
11111100001010111110101101111111000010100111011011011110110110100011000000000000000000000001001001011010110000110100111011000000
11000011010011101100000011000011010011101100000101101100011110000110011000001101001001010101110011010101011111001010111101010011
01001110101100110100010001110111011000001101001001110100000101101101111111010101011010101011110100000110110011011011001101011111
11010101011010101111110100000111110011011011001101000001110101010110101010111101000001101100110110110011010001011111011001111011
11110010011110000001100000011100010110011101010100010010011000100010100011010110110010010101011101101101010111110101101101010101
00110100011101101101000111101111111101000101001101010111111000010101111101011011010101010011101101101111011011010001100000000000
00000000010111101001000011000011010011101100000011000011010011101100000011000011010011101100000101000100011111111000011100110010
11110011001110011010100000111001010111101010011001111101011001101000011110011001110100101011011010010110000110111101010101101010
10111101100001111100110110110011011000011011111101010110101011111101100001111100110110110011011000011011111101010110101011111101
10000110110011011111111101100001100111111101010110111001100001101111111101101110000110011001101011101111111110011000011110111111
11100110000110101010110010110100011011101111000001010001010101001111111101110101000011011111111010001001111100001100101010100000
10100011101101011001111010001010000000000000000000000000010111111111100001000011010101010001101000001101010101000111000001010101
01010001101000001101010101000111000001010101010100011010000011010101010001110000010101010101000011000011111110011001011110011001
01000100000101010101000100111101010101000011001100111110100101011011010010110100000111100101011110101001111000001011000110011110
01101011010000011100010101111010100011100000101100011001111001101011010000011100010101111010100011100000101101011001101000011111
10101111111111010000110110111011001101001101100110101101101110010001010110111111101100110011001111101010100110000111111101110001
00000110000111111111100001001111100011101101000011011111111010001001111010101111110000100000110000111111101101011001111100001111
10100000000000000000000010000000111000010011011010001000001111010011100100100011111100010011011010001000001111010011100100100011
11110001001101101000100000111101001110010010001111110001001101101000100000111101000100100111110110100010000011110000010010011111
01101000100000111100000100100111001000010010011011011010001000001111000010001001101101101000100000111100001000100110110110100010
00001111000010010001111110001000011000000111001001000111111000100001000000010011011011010001000001111000001001001111101101000100
00011110000010010011111011010001000001111000001001001111101101000100000111100000000000000000000000001100100001000000000000000010
00010100001011010000100010000111000001101111000000000000000101100010000111100000100110000110010011111001001001100101000100111110
01010001000101110000101001011101100101100001001000001000000100101100010100100001010011011000000000000110100001000001000001000010
00010001100100110000000000000000001100110010100110110001001000011001100101001100000110011001010011000000010010100100100001001010
00001000111001110001000010110011000001011101111000010100110111000001010100111100001001100101001111000001010011011100110000001110
00001011010000101110010001000111010001010011010100110010010001011101100011111000010100110101001000000000000000000000000000000000
00100110000000010010010011000100111010010010011010001000010010010011000000100010111000010010011110011111001010000100110100111100
11110100110011100000000000110000110011000011001001101001110110000001111010001001001111001101110000100010001111010101001001101001
10111000011110010101000100110100001001100101000100000110010010011100010001101000100010001011110000000000000001000110000000000000
10010000000010011100000000000000001100010001001000010011000100010010011100110001000100000000000111000000100010000100011001001000
00010000000101111100110111010000110000011000110000010001111001010010010011110010101000000111000100000011001011010110010100011000
00011001100011001010011001001000000000001000000000100011100000000010000000000000000000000000000000001001010000000000000000010011
01000110001000101111000000100001010011010001010001111001100001001011011000100000000010000111101000001000101010011001011100100011
01110101000001000010100000100010010011001000010010000010000110000110000010000110011101000101110000010000000100100000010010000010
00110000000100101000000000000000011001111000000100010000100100000001100110010100110000011001100101001100000001001001001100010000
00110011000001000111100011000110010001010011010010010100100010010010000010110000110000111010011010011101001000100001100110100101
00110100000111001000101101001101110010001100011001000101011001110001000100011100001010000111010010011110011000110000101100110100
10101001101000110000010010100000111010000000000000001000010001100001111001100111100000001001110001001101001010001001001001100010
01110100100100110010011100000000010001110011001001110011010000011001110000011000001101001010100010010110010001010010010000111100
00100001001110010000010011110011010011010001010110001000111000111110100001010001010001010001010011010011010011011110000000101100
10011001101000100100101000010010100001011000000001001000001000000001100001111000000000000011000100010000011000100010010000100110
00100010100001000000000011010000010010010110011011000101010100010000001000001000110011010100011000011100110001000000100000011010
11000110010010110000011000100110100111100111010000101101000001011101100001101010001000100100010000001001011001001001110010001011
11000000000010000000000000000000000000000000000000001100010010010011100000001000101001110100010100001000100001010010101000101000
00110000011001001110001001101001001001110100100100011100011011101000101000001000101110011000100010100100111100101010001000010111
01110100000101001011001000011101000110100000100101100010100010111000010011001100000111001001011011001001000011000001101000010010
00010100000100001100101010001101000011101000100100010001011110100000100001100000011001001000101100100100000000000000000001100111
10010010000000110000001100000000000000000100111011001100000001100000011010011100001000011000011000001101000100010010111001001001
10010001101000010100100111001010001101000010111001000110011110000001100110010111110101010001010010011000100100110111000010001001
10100001010001110000110111011010000101000001110000100011001000111101000001010011010001010000001000100100001011010000100100000010
00000100011010001010011110011111001000100110100001000100001000000010000111000011110000000110011110000000001010110010001010000100
00001011000100010100111000000100011010010001000000100110000000110100001010010000110110010010000010000101000111101001100100011110
10000101100000110100111010001010001110010111010001101001111000000101111100001110101010010100101110101100110010100010010111010000
10100101100011100011010001010010100010000011001010000100110010001010010010001000011000000110100110100110010011011100001001001001
10001000101001100100001100111000110000111100000000000000000010000100000000000000000000100001001100001010100010010001001110000001
10000000101011001001000011010100011000001000000101100010000001110000001110010000100111001001010001110010011001010001001001001011
00001100000100000110000101011000110001001111000110100001101111100111100111010001010011111000010101010011001000100000100011100001
01001101011110100001100100001100001100110011000110001101100000011100100000000000000000000010110010001101000101001110000010011001
00010100111000111000100001000011001110010001110001011100000010001000111000001000000000100101010110010001010100111100010001101001
10010000010010111100001011100101000110010001001010111110000100110100001001101100001100100101011100000110100000110011010010010011
01100101001100110110000110010011011100001001001111010111001111001111100101000100111100010001000111001000001110000100010011100001
00110100110100111011001001001001001001100000000000000000010010100000011001100000000011001100000000000001001101110100000100110010
01011000000001100100100100101100010111000100010010101110011001100001100111010001101000101110000001100011100011110010001001111000
00011000100011000111000111001010101001100010100100010011010010001101000110111000110110001110010010000111101000001100001010110000
11000001100001010011100001000010011011000010101000001101110100010010001101000110011000101000010011011001000011110000010110000110
00000000000000000000000001001000101100000000001011000100010100111001011001001000100000100111010010010010010010010011100010010100
01100000011100110100000110001010011001010101000001101100000010000010011110001110001010100101101001010100010100101011010100011001
01100011100101100101110100001011000011101110110000100110000010011111010000011000001001101100100001101110000100111100101100011100
11110011110001110010111100001001101000010100111001001010010100100100001110101000101110001000000000000000000000000001001100000000
01000110000001001110000001000101000011001011000100010001011001010101001110011000010100011001100001000111001011110010100011101100
10110000011001001011000110100011100001001001001000101100000110110100010010011010010010001101101000101101111100110110010100011000
10010100010110000101010001101001111001001000101111000001100101100110100110100100011001001011000010010011101000111001010010010010
00111000100111000100010011000000000000000010011100000100100100001100100000111000001000100010010011100101110100010010011101001010
11010001010100110100101100101100010010001011010000101110100010110001010010000010001111110000001001101110101000100011100010110110
10001101001010110100101000100011111100101011001100011001101100101000100101110100010001001001110001010011001000011000110110011000
11001111001111001011110001000011000100011101000100100100010001011000010101001101101110000100100001110100000100101000101111111100
00101000001011000010000110111101011101001011000110100101010011000000001001100000000000000100011100101110011100001000110001001100
11000010110001001100100011010011111001100001001001001101000000011001100000100000000101110110010000101001001000000110111000011100
00001010010101001011000100100100000101110101011101111110000001101000111101100100100001010001110011010001111011000001110000010111
10100001011111000000111110100000100010010111011001011001000010000100111100010101100110010010010001100100111100110001000001001111
01111111000011011001001000010001000000000000000010010100001101000010001000101110001000010011000010001101001101011000001001111001
00110001000101000001001001000001001001001000111000100010000001011000100001101111100001010000010001110010001111000000111000001000
10111101101100110100101100000100000110001010010011111000100101001111110000010110101001011000100010110100011010000101001110101011
10010010011001110100000100100010111110011100100010100001100000100001010011101100000011000100100100010010000111010010011001101001
11010000000000000000000000010001000010010101001000100101000100100010010100010111101000100001100000110101100100010100111101110110
10000101100100100011000001101001111001101000111000101100110001100111110010001110001111110001001100001010011101100001000001111000
00010001110011111001000010100000010001111100001000100011100100101001110000110000111001100010010110111001100010101010011110000110
01001001110000001100100100101100100111100110100100111010100011010000101001101110001000000110100010001000110000000000000000000001
00110001001001000101100001010111000000100010001001001110001000100100111010010110010001000100110010000110011010010011010001000100
00010011000100000100010100001111000100000010010000100011110001010011100000011101000010011100100101000001000011010111001011110001
00001001011000001110000110100001110001010111010100011000001000101001101000011010010100000011000100011100101000100000001100000011
11100000101011101001111001110110000101011001100001000000101001100101101011100000110100001010110010010100100011001001110010010001
00101000000001100010100000001001101000111000111000000010011001000110001001100000001000011010010001000011010111000100111010001011
00110000010000111010000101100101000001110100100100000011101010001001011001111100110100100010110101001000101011100111111000001001
01011010000110010111100010001001111001001001011000001110000101110100110011000000110010011010001110000111101000001001101110100000
10011101000001001010010000010001010001110001010011001111000100011000011000001001101001001100000110110000011000010001001001100000
00000100010000011011100001000111000001101000010010010010001011100010000100110001000101110001000000100110100101110100001010111110
00111100010010100100100101100110010000110000100010011111101000000100101100010100011100100100001100110011101000000010011101000101
01100110100010110001011000011001111000001100010100001100000101111100010111000001010010010001011010001101000001001101011001000101
00011110001010011100010001000010101001010000010010001000110010001110000110000111101100001001101010110100001010010000110010100010
10110100111000010011000001111000000100100001001100110111000000010010001001010001001000100101000100100010010100010001010011010011
10001000101001111000001000111011100100001100101100011111010000100100101100001011000010101000110110000011011001100011001001001011
00110110100010010010011000100011001100110100001000100111111000100010010110010000100110100011100000100110010000110000111101000001
00011100100100010011001000101110001100100110110001001010011001000110010010011010000101000011001011010010110001001010001100000011
00100100010010010000100000000000010110110110111100100101010101010001101001001101010101000111001001010101010100011010010011010101
01000111001001010101011000000111011001011011011101001001010101010001010111110101101111111000010100111000111011110110110100011110
11101111011111001001010101010001010111010101010001010011010101010001000111111001110111101110001100010111010011011111011101001111
00001111110111111011001111001101111110100101101011011111111101110011011010001011100110000010000110110101111111101100111100001110
00011111110011111100110110010011111111000101001001010101010001010111010101010001010011010101010001000111111110111010010010101010
10001010111010101010001010011010101010001000110000000000000000000110111111110110110100100110000110100111011000000110000110100111
01100000101101100011111010010110111110010010101011001100001010111110101101101010101001111110111011101101100111011101111000010101
10111000010101011100110101010111110010101111010100110100111010110011010001100001110010110100100110110000011011001100111111110000
01011011011010111111010011011111111101100000101101111111001110001111010001011001000011011111111100001110110011000100010110110001
01100100111111110001011001100001010101110011010101011111001010111101010011010011101011001101000100011111010011111101000101001001
01010111001101010101111100101011110101001101001110101100110100010001100000000000000000000110111111101110110000001100001101001110
11000000110000110100111011000001010001000111110101010110101101001100001100110111011110000010100011101101011001111111101110101000
11000011101111000000101111110110000010101011100110101000001110010101111010100110011111010110011010001100000110101101111101111111
00110000100001011000011101101010100111110111010010010000110011111000011001111110101111111000111011100001100110000011000011001011
01101101100100111110111011101111111100001110110111111110110111011100001100001111011000011001011111110111000100101101010111001101
01000001110010101111010100110011111010110011010000110111011100101010111001101010000011100101011110101001100111110101100110100000
00000000000000000101101101000111000001010101010100011010000011010101010001110000010101010101000110100000110101010100011100000101
01010101000011010101011101011010010101011101110001000001100001111111011010110011111000111011010001001001100001100110000101001010
10101000100000101010101000100111101010101000011001101111111010000100001111111111010010010111010110111111011101000011011010101110
11110011001111111001011001100001001101001001101111111110010001101101101110101101100110101101111111011110000101001111011101110101
11111101110000101010101000100000101010101000100111101010101000011011101111101010101010101010100010000010101010100010011110101010
10000000000000000000000010000001000111111000100110110100010000011110100111001001000111111000100110110100010000011110100111001001
00011111100010011011010001000001111010001001001111101101000100000111100000100100111110110100010000011110010111001001000111111000
00011011010001000001111000001001001111101101000100000111100001000100110001100001010001110000011001100001010001001100011000110111
00100011100000100011000100100011010000110011000010111001001000111111000000110110100010000011110000010010011111011010001000001111
00000100100111110110100010000011110000010010011111011010001000001111000000000000000000000000000001100000111000100101100101100001
01000111110000010001000010011100001101100100001010000101000111001110100010000100110001001010001000110111100001000100111110010001
00100001100101100011010000011001001001000011000111000000100000000100010101001110010001010001000100010111010000000000010010000000
00000000000001000110001000011000010000000000000000000000001100010010100110001010010111101001010011011100010000001111010010100110
11100010001110000010001111010010100110111000001110000110011110011100000001000100100110111100000001110100010110100010011100110001
00100100110100011111000001010011010100110000101001111110100010110100010010100110000110010101101000010110100001010000010010010001
01001110000100111000010000000000110010001100000000000010011000000000000000000000000000000010011010011001001100100010101110110100
01001000000110010100010001010111011010001001000001001001100101000100010101110110100010010001001000101001110010010100100110010011
01000000100001110001110001001101001101100101001101110100010100010110100000101001101100010001110000110011001001001101000010010110
01010011001111000110110000011011100000010000100011011001010000000100101000001001000000000000000000100000100000000000000000000000
00111000000100110001110000111000000110000011001100000001110000001011001100000001110000001100000100100100111000000011000110001100
01100110000110000110001010001110011011101011011010111100000011010010010011011101001010010010010000110010111100000011000011100000
01110000110000100100001100110001001110001000100000110010100010001000000000000000000000000000000000000000000000000010000001111000
00000100001100111010011100100001100111010011100100001100111100010100111001000000001001010000010001000100101100010111100001010010
00111100000000111000000110010110000001001001000101110000010010001110100110011100000101001001011000010001010001001000101001110000
10010100001000110000100011100011000010001100110010100000000100110000000000000000000000001101010010100110100111010011101101010010
10011010011101000110110101001010011010011100010000110011000000001000000100000110000111010011011001100000100001011001000101001101
11000001010010010011101000011001101001010110010010001100100010100110101110001000111000011001100101011001100100010110100000100000
00000001001110000100000100111000001000110000000000000000000000001000100011001001000001000101011101101000100010000101000101011101
10100010000100110100010101110100110100010001000000011000101000101100000110001010100111000100010011110110010011111101001001110000
10011001010001101001100110100010011001100001101000100100011001000110111000000111000000111000101101001100101100100110100110111100
00001100100100000110100001100010011001001101001100000100100110010100000000110010100000100001100010100111000000000000100100000000
00000000010011100100100000110100000101001001100000011001101000001100010101001000110100000110001010100110011100001100100001100011
00001001010100001100110110001000110000100011100010001000000100101110001010011110001101001111000101000011001011000010100110100000
10000110001111000100101001000100010001000010011000101010010010010010000000000000000100000000001000001001010000000000000000000000
10000110001000010010001000101101010001100110011000110000010111010011001100011000110001001000100110011011000001000010101100100001
11110100010101100011010100101110000010100111011001010001001111001001101000100100111011010000100100001010001010000011010000101000
10111000100110110001100010101110010100010001111000100101101000010001111000000100011100100110010001011110000101101001100110100101
00100000010000110000010010010001010010000000000000110010100010000010001010010010011000110011000011000010100000000000000001001100
00000100000010011101010110000100010010011111010000100010001001110000001001000111000100010101100100111001100001010001001111011110
10001100110100001011100000101011000110010001010101111010001101100100110110110001010000010010010111110000010000111100101000100101
10000011110001001100011010100110011100001001001011110001000011001001011000110100110010001001000001100000011100010001000011001111
00101100001001000011110001000100101100001011010000100011000001100100010000001001110000000000000001000110011000100100000100110000
00100100010011110010100100110000010001001100010001010011001000100000011001001001110000001101011100010001100101000100000100110100
11010010111001010001000010111100000001001011000001100100010101011110010000100100011011001001000100111001000011001001000111100000
01101000111001010000010011000000000100110010001111000010101110001000001001110000010010100000000001000000110010100001001110100000
10000110001001001111000110010001001000100010011010001000100110001000000000001100010001010011010010101000111000111110001000111000
10001100010100100101110001010010000010010111000110001011001111110000110010011010001010011010100111101001000010010111010111001000
11100000111010110010000010001001111000000010010010001010000010000110010100100111010000110011110010010001110011100100110100100101
10011100000101001100100011100000100101011000100011000010010000100010010000000000000000000111000010001000111000100100110010111011
10011000011000111010010111010011001100001101001000111001100110000110100010001110001100100101011100000101111001001001110000100100
00111010001001110010010001010011100001100011001001101100001010100110100111110000101010001101001111001101110000010100111101011110
01010001000110000100011110001100010010110001000100001110100001000100100001000000000001100011000100111010001001101000001100110100
11101100101000110011000000000000000000000000000000001000001100000011001000100010011101000100100010011101000001000111011111100100
01011100001000100111110010100010010011000100101110100000001100101000011100001001001110010001101001001000010101100010001010000010
00011001111110001001011000101000100001110001000111001001001000110001100001010100111010010010011011000001101110000010100111100100
10010010011010001110001110000000000100010000100111001001100011010000100110000111000100110110010001010000011011000000000000000000
00000000001001111001000010010000100110010011101001110100110010011101001110100100000100110100010000100110100110100010010001101001
10110001010010000010110010100110011001000011000101100010101011010000111011101100100011110100100110011111100000011001111111010000
01011001001001001111110001000010010110010011100101101000111001101001011001011001111001010100111001101100000001000010010001000100
01010010110000001001010101110101001010001101100110000010011000000000000001001110000000100101010110000000100010000110001000101000
10001001011001001000011110000100010111011001010000100110100111100001010001110000101000001000010010000011110000001000011000001000
11011101000001101000001000100100110010010011010001001100010010101001100011010010001101000101100000100001100111010001010010011100
00001110000001110010011011000001000110011001101001001110100100000111101000000000100111110001001001000111001010011000100101001111
01111100001111000100010010000000000000000000000000011100010000000101110100100110010100011001001010001000001100001100110100010100
10111011000100011001001101010101000100100100110000010000100111000100010001101000011100100010100001100101111010010011110010001100
01010010000010111101100110000100111100011110110001010011010110010010110110010101110010101010010100000110001001010010011011100000
01100110011111100010110011110000111101010000110001010001100000110110111000100010101101001000100101110010100011001010010110001100
00100010011110000000111000100000000000000000000100110110100001010010110001000011000010101001010101011100001100110100110100011011
00011000111000000101000000010001110111101000111001100100010100001011101000000010001110000101101001001001001111001001000111001111
00011001100011000100110100110100001011000100011000101100000111100011010000101000011100000110110010000110010111000101001011001101
00000110001011101000000100101010001011011000000000100100011001000010111000010010011110011001000111000011000100100110111000010010
01110110100010010111111100001101100100100001000100001001100000000000000000011011000001100000110000011100101101100100001111010000
00001100100100110100000110010001001000110001010111110000001010010001000001000110100101011000010101110100000100011110110001010011
00001110001000100000100100100100100110010000011100001011001001001101000011100101000101011100000001000011100110000111000110001001
00010001100010011011100100010101111100101101001100101011001001010100000100001100110100010110100010000100110100110010000010001101
00110100111010001111000001101101001001010011000000100100000000000100111000001000111000110010001100100110010001001001000100011100
01001000010101001000010000001001011001100011000010101000101100011000010010101100101010001101000100100001100001100000111000010001
01001100011100000100110110011000001001001000001000010111001100010011011100100101100110001111000011010000011100100011101000010100
11011011001001110000101110100101011100001001110011000100100110000110010010110000010111110010001000000011100000101110011000100110
10010011111010000100001111000001010010010110010011001000100100100010010101001111010010010011100000000000010011000000010000010011
01001000010000000101110100100100101110010010110010010010011010100011000001100010001101001000111001000111000100011100100101001101
11000010000010000100100101000100110100011100101110001000111000010101001011000001000011100100010101111011011000001101110001100110
01111001100110010101010000111001001011001001001011001001100101010100010100101100110100010100000110010010101001001100111000100000
11010100101110101000010111111010100100110001010011100000011000001100010001010001011001010001001000010011110010100100100100110100
11101001011000110100001000000000000000000000110000110111001000100001010111010111001100001100011000100111100100010010110001010001
10100110000010001000111000100010010010011101000001011000110110000011001100001001011100100010010001101100100110010000101000111001
10001001110000110010010110011110001101011000101011111001000101001000000000001000101011100011000110101001101000011000010100110100
00011100000011100110010001001111001011100000110000000000000000000010010101000011001110010000111100101101001011110100000100101010
01111100100100110100000110011110000000010000000000100001010010101000100001101000010100010010111101110000100111010100110010010000
01101000010010011111001110001011111011111110000001111000100110001010011110111111001010001100100101001101000010010010110000101001
10001000101100100100100000110010010000100101011000110001101000010110000101000100010000010001110000110011000100010001010111000000
00000000000000000001000011001100000011000010100001000011000011000110000110010010011100010000001000111000001111000100010010010000
01001100110000101011001001001000011100100010110001001000001100010010100001100011001000001001101000111100010100110010100010100111
00100010010010101100100001111001001110001110110011000010101101000100110110000011000001111101000010100100100000010001111100000011
10010100010011000110010001001111000000101110101100000000001110000010100111010010011001010000000000000000000000000000111111000010
11011010111100110011111100110011100100101100110011111100110011010010011100110011111100110011100100101100110011111100110011010010
01110011001111110011001110010010110011001111110011001011001000001010001010011100011101111011011010101111000011111110110101101001
11011011011111110000101100110000001111111111010110011001111110111111001101011011111001111100001111101000011111110110111001101110
11011000011001110010001011101111110100000101101011101111111110001100010001110011101111110011111100110001100001111101101101011111
00101011010001010011101011001111001101010101110101011101010011010011010101101100110100011101010111111101110010010101010100010101
11010101010001010011010101010001000110000000000000000000010011100111111000010110110111111100110011110011001111010000011010101011
11010101010111111100110011110011001111010000011010101011110101010101111111001100111100110011110100000110101010111101010101000010
10100010100111000111011110110110101011101000111011010110100111011011011010101100001010110000001111111111010110010001111110111110
11000011111111000000100110111101111110110111000001101110001011110011011100100111001110111111100100011101111111100001110001001000
01100001100110000001111101010101100110000010110110101111100101011100000011101001110101100111100110101010111111000000111010100110
10011111000000110110011010001111111101011111011001100100101010111001101010101111100101011110101001101001110101100110100010001100
00000000010011100000001101111111010010011101110111110101010110000110111100110011110011001111011000011010101011110101010110000110
11110011001111001100111101100001101010101111010101011000011011110011001111001100111101100001101010101101000110000111011101001011
11011100010011111011011011110110110100000111010110110101010011111011011011010001000111100000011101101110111000011000110011111111
01110001111000000111011101011100101101110100111011101010101001101001001001001111010000110100111011000011111100001101101110011100
10001110000011010110100011111011111000101011111110101010100101011000000111000001110010101110000001110011111010110011100000011100
00011110000001100000011100111111100000010100001100110011111100110001010101110011010100000111001010111101010011001111101011001101
00000000000000000000000001011010100001111011101111110011001101000001110011001111110011001110000010110011001111110011001101000001
11001100111111001100111000001011001100111111001100110100000111001100111111001100111000001011001100111010000111010010111101110001
00111110110110111101101101000001110101101111111000010011111011011011010001011101100000011111110111110000111100110011011011011101
10000001111110011001000011100010001111111011110011010110101000011111110000111111000010011011000011101111111101011110111111110011
10101100110011110111001101000011011010111111010111110011000110001000110100010000011100101011010001001111101011001101000100000101
01010100010011110101010100001011011011010101010101000100000101010101000100111101010101000000000000000000000000001000000010000101
00000111100001000100110110110100010000011110000100010011011011010001000001111000010001001101101101000100000111100001000100111110
11010001000001111000001001001111101101000100000111101101110010001101000010001100001011100100100011111100001100110000001110010001
11000001100100001010001111110001110010000100100111001100000011100100100011111100000001000001111000001001001111101101000100000111
10000010010011111011010001000001111000001001001111101101000100000111100000100100111110110100010000011110000000000000000000000000
10001010000000100110110010100000010000000011001000010100000010110000010000000100010000101111000001011100110000001111010010101001
01100010111000000100010010110111100110010010010001110001010001011100000011100000110100111100000100101000011001010110010010110000
11110110000100001100010100000010000000100100000100110101100001001001001000000000000000000001001000000000010011100000010000001000
01100110100100000010000110011010001101010111000011101000100110110000001001110010000110011000100111000000010000100001110000110110
10000101110110000010011010101111000011101101000010100011110100001011100000011001011110100010100110111001010010010100100001110100
00100010001101100001010100110001001001011101101000010100110000010000111010000100000000000000000001000110000001100000011000000000
00100110000000100000000100011000100010000110010000110011111010001000000010001000000000000100000100011010000011010001001000101001
10100001100110101111010011110011010011110011010011011100011001000111001101110000001110011100110011010000011001010001001100110100
01001001111000001001101001101000111101001010100110100011010011010010001001100001000100100100100011010011010011110011010011000000
00000000000000000000000000000100110000100001100100100101010001110000010000111001100001000100001000011001000000000000010011001000
10100100111010000110000110011010010010001110011011000100011000010110001100011000110101001101100010001011000011000100100010101110
00000100100100110110011000011100000010010000001001101110010101100011100101100010100100010001001001111001110100110110010100100010
01000000000001001010000000100101000000000000000001001110000000000010011100001000110000001101000001010001110010011010011000000110
00101011100000011011100000101001111000101010010100011110011100111001010000010001011100001001001101110000100011010000111100100100
10000011001000100101111100000011000010100010001010011111001001010001000101001110100111011000101001100000110000000010010100001100
00110110111000001000000000000000011001100000000000010000110011000000010011110011011000011000010001000100110000000110001100110000
11001100100000000000010011011001001101001101010010100110100000100001100110100101100110100010111000100011001000101101000101100101
01111000010100011010000110100101001100110010011011010001001110001000101001100101001000010000100001100110011000000110000000000111
00010000000010001100000000110000110000000110011000000000010001000000000010001101001011001110000000000011010000011001111001101001
11010001100001000001100000110110000110010001010011001010111000111101000001100111101100010001011110000001110000100100011110100010
01101001001110100010011100101000010011010000101110001000100111001101100000011001110000000110100101010110001001011001100000000000
00100110101110000011010000100000000011000011000000000000100010100111000000000100011100010000100111000000000100000100001001001100
00100110100010011110010001101010001010010111010000101101000011011001010011000011001011000111001001011001100010001011100001001100
01100001111001000110110100110000001000011001100010000010001000001000010000101111000000001000110000000000000000000000000000000000
01000010100000011100010001001011100010100000001100010010000001110000100000100010001101101011011100010001001101000110111000100011
01000100110000101000100011100100011000010101001011000011001111100100100010010011100010101000110100100100000100001110000110110010
01100010100100111010001111000100011001101000101000011001110110100011011001000101000010100001110001000101001010001000011000001011
00100101001100010001000001001000100111001101100100100010000000000000000001100110000100100000001000001100100010001110000010011000
10010110010001010011000100010011001000100001000100100001110101010000011100000010010000001000001101000010100011010100101000001000
11100011100111111100010010011110110010001100110100101011011000010110100000101101000100110001010001001101000011001101101010100100
11010000010011110010001001111011111001111001001010011001010001001101000000100100110011010010001000000000010011101000001100000110
10001111001001000010000000010000100001100001100001100110000000000011000101000010111010110000111000100000010011101101001010100111
00100111011100010000010001010010101000001000011110000010111001001001000000000011100010001110100010001001110100100110001010111000
01010000100111110010110011100010001110001100110000110010011110010111001010111000111000111101000110001001101000111011100001000101
00111110110010011100011001001000110010010001000111000011000111001101000101001111000000101100000100100010011000010001000010000000
00110000110000000000000001000000100001110001000100111001001000000111001001100000110001001010011010011100101001011000011000010010
00100010110100010010001111000100011000101001101110100000011000110101100010001010011010000111100000011001100100000011000100101001
11111001000111001000011001101001101000111000000100001101011101110110000001110010011001100101000011000000110001001110011110000010
00001000111001110100000110000011011010000010100110000100011001000010010000101001111100100001010001010000100000000000000000000001
10110000000011100010000100001100101100001100010000100011010000000001001110001000101001111000100000010011110010010101110010111010
00010011100011001110000010110001000101001011001011000111100100010100001110011001001001101000101110001010001100100010111010000011
01010100011001000010100000011001000100011010000011000110000100111100110000110001000111000001100100110001000001110000001000100000
10010010011010011010011000011100001001110100000000000000000010000110000000011000101001000101001100000000100010100110100011101111
00100010110101100010001110001000100010011001100011001101111000000001100101000100001001010111100110000100111100111110010100010001
11110000110110100000101001101000001011001001001101011100100100100100110010000110001011001001011110001000010011010111110001011011
00100111000110011001100001001101000111110000010110100010010011010011110000101111000010011000011000110001001010000111100010000100
01101100100110000000100010110000101011010010011100011000010010101110000010100000010001100000000000001000000000100110000010010010
00011000000001001111000011101001010000111010000011000100101000011001110010011111010000010100000100111010010010010010010111100110
00100101011001010001001001010111100010100011101000101001001001011000100100101001100100100110001010001000111001101001000010001101
00001011010000101000101000000010011000001001101001011100100100110100001110010001110000100111011000010000100110011100000011000000
11110001010001001101001000100010011100001001100001100100110000000000000000000010010100100000011010001000100000000000000000000100
11100011000100101100010010100010001001011000011000101101000010110000101011100001001001110110010001110000111100001010010010010101
11101001010100001100110100111011101000011100010010100001100010100111110001000101100010010100000110110000010011111000100101111000
00001100010001110000011010100110000110001010101111010010101001011010010100011101011111100000001001001100010010010000010000101011
10001000011100001010001001010110010010110000111010000010101110000000000000000000110000001100100101001000110011001000011100110010
10010000011101000001100110010100011100100001101000001110111001010100101000010000010000010001111011010101110010010110101000101000
01100001100001110010001010111010010010001110001000100001111010000000101011111100100010011001100100001110001000111000110101100010
00111010001001001001000111011001101000101110000101010110000010001110011010010010011010011101000001001010100111110010000100110001
00011110001000010001110000110011011001000100001000101101000010110100100110111000000010010010011000000100111001001101001011001111
10010010000100110010011010001110001011010001000011010001001100001010100111110100010000100111110001010010010010001001000111100000
01110010001001010010011010011100110101000111001010101001101100101000001001011001011110000001100110100100010101110101110001101000
01110001100010001110001100100111110000110110000010010001001111001101100100100001001111110100001100110110100010000100111100110100
10011011000000010011000001100100011100000101111100100101110000111001100000100011000000000000000000100110000010000010001101001110
10011110000010001101000100111010000010001000100000010011101000110100111000010111110100111010100100100100110001000110001010001010
01000001011111001110100100011010011001001111000011000101110000010110101001010010110011001000000011010001000110010101010000001000
10010010000010010010110000111001010011110010001101000100110000101010011110000010011100010011001000000010111110000010000111010000
01100110000001001010000000001000100001000111011001000111000100001001000110001010110000011100010000100100101111110001011010000110
11100001100000110011100010000010010110101101001110100100110100110001000000100001100100110000001110010111000001101110000011110010
10101100010001110011000001000001110010101100101110101001010011011001101101000101001111001101001001000101011111100101010111000100
01101000010110101011010010010000001001111011100100010110000011011000010101110001000111000100010001110111110001010000010001000001
00011100100100001100100010001110111110000100010001011001100001100001010000000000000000010100100010011110001101000011000100110010
00011101011000110101100010000101011001100101000100000110101100001000110101011100110101100010010101000001000111101000101001001001
00100100000011110000001001011001001010111100010001100000011001101001010110100100100110111100000001000111000101100010001010011011
00101000110000101011011001001010110110100001010010111000100101110001001101100100001111100000000100101011100010000010001010011110
00010011001000011000101000001000111101100000010010111000010111100101000100001010010101000111001101010110100111010000010001000000
00000001000101100100010100100100010100111100001100010100011001000111101000001100010000110010000110001110001010011010000010001001
10001001010001000000110011000000011100101001000100100100100011110110000010100110010100100111110100010010000110000111000010100100
01110001011001000011001111110000100100111111100000011101000010011100001001100010010101011100101111010000010000110011100100011111
00000010100010000110001100001000101001010001000010001001010100011000011100001000010001100100100000000000000000010111010010001000
10010000101001101001000110010001000100101100100001101110000010100101101000001110100000111010010011011001001110100010100111111100
00100001001010110000101010000110000111000100101000111100100101110001001011000010101011000111010100011000110001001000010000111001
00101111100000010011010000001000101110000100110000011010101110010001001001000011000001000001000011001001011111000100100100001001
00100010111010010001001011101011010110001010000101100010000001101010011000100100010001010011010000110000010011001000010000000000
00000000111000000110111010011110000011010001000100111100100010001010000110011110100110010010011111000001101000011001110110001001
01000111011000010000100100000011010000101001110100001100011001000010100001010011111010000110100100100001100111110010000111101000
11110101100011000100100110000101001110110100100011100110100000010011001001111100010010011001010001010011100100001001101101000100
01011001000010111000000110001110011101000101001111001111001111011111001111000000000110100010010101110000110011101001101000101001
00110000011000011010001000010000100000000000000001011010010110111110000001000001110010101111010100010100111000110011110011010101
01111100101011110101001101001110001100111100110101010111100010101111010100010100111000110011110011010100011101101101101100100101
01010100010101110101010100010100110101010100010001110110110110110000110110111110111011001101001001111001111011000011001011010101
10110110110000111100110011011011001101100110101111111000010000110110111110011000110101010110110101100100011101101100110110000111
11001110101101111101010110011011010100111110101010100001110000111110100010101111101011011111110000101001110110110111101110001011
00111110000011111110110010100010101110101010100010100110101010100010001100000000000000001000011101111111001011011111000000101011
11101010101101010111101001111110011011011001101010111110101010110101010110011111111001101101100110100000111110101011010101111010
01111110011011011001101100001110101101101101101110101010111001101010101111100101011110101001101001110101100110100011000011101110
11111111111111011101100000111111110111110111010100100111100111111011100001100001100110111111111000001101111111110111011101111011
00000111000100111011111111000110111011000011011000001110011001010001101111001000001101111111000100100101101110101010110001011010
10011111111000011001100001100110011101000101011111010110110101010100111011011011101110111100011111111000011110010111001001101100
00010100010101111100101011110101001101001110101100110100010001100000000001111000000000000010010101001000111101000010000011101010
10110101010110011111011001101101100110100000111010101011010101011010011101100110110110011010101111111010101101010101100111111110
01101111111110011100101101011111001101010101110011010100000111001010111101010011001111101011001101000110000011011111110111011011
10111000010110111100011001100001110111101110111011100001101110000111111011001100001110110000111101101110000111101111111111011111
00011111111110110010011011100001111111011111000100010001110111110110110010011011111111111110110100011101101010010010100110100011
00001100110000001111111100001100110000111001100110101010000011101011011010101001111101101101101000100011110111100010100001111110
11010100010000011100101011110101001100111110101100110100000000000000000000000000000100001011110100001000001110010101111010100110
01111101011001111001101010000011100101011110101001100111110101100111100110101100010001110001010111101010011001111100011001101000
01101101001101110010101010100010000010101010100010011110101010100001011011111001111100001111111101111110011001011101011010011111
10111111111000010111010110110001110000110110110110110111010110101000011011011110001000010111111111101011000011011011111110110101
11011111111011001111000011110011111101000101110111111001111110011001000011100110011111111000010000011101011011111110000100111110
11011011010001011101110110101101000001010001000001010101010001001111010101010000000000000000000011000000111001000110000001100100
00000100111110110100010000011110000010011100000111101101000100000111100100100100111110110100010000011110000100010011011011010001
00000111100000100100111110110100010000011110000100011010000110011000010100011010001100010000101000111111000011001100011001001101
00001100110001001110010001110000010001010110011100001000011000010111001001000111111000100010000011110000010010011111011010001000
00111101100100100111010000011110000010010011111011010001000001111000000000000000010011000000011000001101000011001100000000001100
00011000000000100000001000110010001010011100101100000100101100111001000000100100100100000001000001100101000100101100001011001010
00110001001010001100010000010010010000101000101110100000010010000000010000000000010001000010011000000000000000000000000001001110
00000010011110000110011000010000011100000101001101001110010011100100011000000010011000000111010000010101101000011001010101110001
00001000001000011011100110000101001110001110100110111001100010000001011000100001010001100110101001011010000100100011000100001100
10100011001000101001101001100011001010010100001000000000001000010000000000000000000000001000000010011000011000011001001111001100
00100111000000010001000100000000000011110000001001101001111100010010000100010010010110010100100000001001011101000100100101110100
01001001111101000110100101010001011010000011011111101000010110010010011110000001000111001101001010111010000000000010000010001100
00100101100111100110001100011000000000000000000000100111000000000110000001110000000001001101000000100100000001001010000000100001
00001000101000111001101010111000010011000000110010000100000000110000001110010010000000100100100111111100000011000100010000100100
11101000011000010110100001000010000010011011001100000001000101010010010001111001000010100111010011000000000100001000000000000000
00000000010000000001001001000011001100000110100000101000111001001011000010000000100110100110100100100111000000000011000100101000
10001100110000100100010000000011000100100010000111001100001100101000100100000100111010010010001111100001000111100001010010010010
10000011000001110100011110000011010010000000000000000000100110000000000000000000010000010000110011000010000110000110011010011101
00110110001000110000110011010011100001000011001110100111100000110100001010011001000110000011100001000011010001101001101010011001
00000100001000011010001101001100010010111001100001000011101000100010010110011010011010000111010001001000110100100000000011010000
10100110000000000000000000100011000010000100011000011110000000000110010100110011110011000100110001001100100011100100110010100110
01111001101110100000111100100010001100010010110010010010010001011110011001001100000000001001100100110100111110010010011101000000
01000001001100100101001000011001011001101100110000001101000010100010101001110011000010001001101000100100110111010000000000110010
10000100111000110010100000000000000000001001010000100000000110000111100000000000001000000000011010000010100100100110001000001000
01100001010011000110100000101000100100110100000100010100111100101000010001010000000110110000101000110000100100100011001001110010
01101001000110011000010000010000000001100100001010100100000000000100101000000000000000001001010000000000000000001000010110010001
01001110011001010000100001100111000010110001000000100001010000010011100100100100111001010010100110100011110010010011100000101000
01010011101000010111000001001110000010010001110001011000001100100110111010000011001000100100110100001100110100001001100100010100
11011001010001000100010000101100100010010000010010010000101100010010100010000010111000011000100010000000100110001000111000110000
00000000000000001000000000010000100100111000100011000010001101000100001000000010000111001000011000101000010000100010011000010101
00000111000001010010110000110110000100101001000001000010111010011011010001011001101001001001001110000011110010011011100010001000
01111000100001000101100100100001100001010100101100010110001010010001001101000001010000110011100110001001001000101001110100010001
00010110001010011000100100100011100101011001100001000010000000100001110000111100000000000000010111100000001001111001110110000110
10000000001000011110000010100100010011100010000000100010100111010001010001010111000100110100010100010100100101110100000010001110
01011011001001011001110011010011000011100000010001110110000010011001000110100101100001100000010010000010000001000000001000001001
01100000010111000010000000000000110000111100000000000000001001000000010000100001001010000100101010001000010011010010000100001010
00111001111001000110010110010001010011101000011000011100010001101001100111101100110110100010001010000001001111000101100010100110
01010011000011011001001111000011011111000010100101111010000001011111100101000100100100001010010011000100101110001000100000010001
10110010101010000111010000010100110010001001000110111101000010000110011110001110001010000110011110010001000101001000000000000000
00000000000100100100111011001010001000001000011001110010001101000101010111001011001100100010100101000000100010000001000000001001
11001001110000011100001101100010010001100100010100000100001100010111100100010010000110000110000010111110001010011100110110000010
00011000001000011001111001101000100100101010010000010000110011000001100101001010100100001011001001110000000000000000100001000010
01000110000011001011100000001001101100010110010011001000110001001110010010101001101010010100010001001101001111001010000111100001
01001011100100001100011010010011100010100101001110011100001000110011100010000001111001001100000111001100010110011010001000110100
00100111010000010001100100110111000010010001011000110000001001111001110000100110001000100011001001010010010101111000001100001010
00111001010000000000100000000010011001001001001111001110100111000001101000110110101000111001000010110101010101000011001000010111
11001000100011110010100000100111010001110000100000001000011001100110100010010010111100001001101000001100110011000100011001100001
00110100010100000111100000110011010111010000110000000110001000110011010011111000100010101100110101100000100010111000010101001100
00100000000100001001000111101000101010000010001010000110000011100110001001100000000000000000000001101100000010101101001000110001
01000000011011000000100011100110000100010000001000010000010000101110001010001001011000101100000110010011000101100110010010110000
00010000111110000001011111101110000111010000000010110001000011001111001001100101100110001100001101000010010010010010111000001101
00000011101000001000000001001010000000001101000110111000001010001101100001010010001011001100000010001100000000000000100101000000
11101000101001101110001000110010100001000101000100100110110010100001000101101000100100110111001100000010001111100000011001101100
01001010010100000100101110010010001100010001111000100010011000001001101000010100010110010101011100100101001110001000011001101001
11110010001001100100100100100111000101010011100110000101111100001011000000110010100001000011100001010110100100110011010010111101
00000100001001100100100001000100110001000111100010000111010000110000110000000100101010001010101110000111000100100000000100110000
00000000001000101000110001001001101000001100110010001110001100111000000100000111010000110001101000010010011101000100000010001010
01000111000001111000010101001100000111010000000101100001110100100100000100010100011100101100000110000101001001001000111001100010
01101001111000110000000010011101101000001100110011110000001001000100010001001101110010100111001001010100100010011110110010011010
00110000010011000000100100000000101111010110000100011100011011010101011001010100000011010001011110000101000101100100111111010000
01001010001000000111100100101100010010111100000010000010011110011110001001001010100010010010010111110000010100110111010011001000
10100001101100110101000111010100010010011001000101001010100101011000110001100011000100110011010000011101000001100001110011000010
01000100000010010110001110010010001010101110001010000010011110011101100001101100101110100000101001000101111100110010111010011000
00010010000000000000000000010011010010101000010010010000001000101100100110000010000110000011000010101001010100101100010010001100
10010010011111100001001000111001000001100101001100110100011100111001000101000001001001000110011001010001010111001000100110100100
10001011000100100100111100110100010100110100001100110001001001101000100110011000010011011010100101011101110000010100001010011000
00100011100100011110100000110000101010001010111000110010100011010001101101001001010011100000000000000000010001111001000100010011
11100100001011100001001000100100111101110001000000100111000110011100111000010101101001010010010110000101000100100110010000101000
10100110001001011000011110010010110100001000011000101000000100111100000100001100100001100100010110110000001011110010000010001110
00000010010110000110110010101100110010000111010001000000001100000110010011110000010010110000111001010000010010100100011100001000
01100101000010111010010000000000000010001000000010011001000110110010100010000011110000000010010001000100111100001010010000001001
10000001011110010010111010010011110000100100000100010010010000001110100000001001111011110100011110000101010011010011011001010001
11000010010010111101010101000001000101100101001100101000100101100010010001100000110011000001001000100010000010010110011010001010
01100001011110000100111100011010001100100101000000000000010000111000000111110001000010011010010001000011000110010010110001001000
10110001100010110001001010100011110000101010000001001101000000001100000011100100100011100101001110000010100010100001100111100111
11000110011001001001010010001101101000010011000011001110000010001100010010001000000100111010111100010001010011110011010000010010
01000010010010011000100010010001011110010101100010001011000101000010100101000000100011100000100100010001011001010000010011000100
01001011101001010000000000000100111000010001100100101000100100010010101000010111010001010000101000000000000001000011010011000111
10001001011010001000010001110000111010000101000111000010110100010011010100010100010110010100010000100110011000001000101110001001
11101000001001111101010100100100100011000010001001011110100101011000000111000101001000110011000110100110010101000010010010000010
00111011100011010001001000011000010001001011010111000011001110000010000100000000000000000101101101101100100101101101000110100100
11010101010001110010010101010110000001110110010000010110110010010110111011001101010111100101010110101010010100111011001101101100
11010001111110101111010001010011010101111110000101011111010110111111100001010011100011101111111000010110001100001010100100101010
10100010101110101010100010100110101010100010001111111101011111110000010000110110110011011111101111111101110011111101111111110011
01000001001000010100010101110101010100010100110101010100010001110110110110111000100101010101010001010111100001111111111000010100
11100011101111011100010110001111010101001010001010111010101010001010011010101010001000110000000000000000100001110011001111111111
10010110101011110010011101011011100000110011111111101011101011011110011010101011111101010111101010111010011101011001111001101010
00111111010111101000101001101010111111000010101111101011011010101010011111101110101010011101001011011111001001010101110011010101
01111100101011110101001101001110101100110100011000010101101011010111110000001000011111010111100011111010011111111100111011101011
01111111001110001101000101011101101010101101000100000111001010111101010011010011101011001101000100011101101111100110001010101010
00101011110000111110101010100111111011101101110111010011111010101011001001111100110101000101011111001010111101010011010011101011
00110100010001100000000000000000100001001101110000001100001101001110110000010100011000011101011011110101011110110000011010110011
11001101010000011100101011110101011100111111101100110110111000001101111010111101000111100000011000111011010101000001010001010101
00111110110110110100011000010101111000000110010000111011000001010101110011010100000111001010111101010011001111101011001101000100
00111101111111011011001001111011101101101110000101011001100111010001001100111011000011000011101111011101010010011000100011010001
01011111001010111101010011001111101011001101000100010110101001111100101101001001010101111110000100000101000101010100111111110111
01010001000111111000000110101010101111111110101000100000111001010111101010011001111101011001101000000000000000000000000001100110
01110011110000110101010100011010000011010101010001110000010101010101000101110100000111010101001101100110110110011010000011101010
10110101010010011111001001101011010111101011110100010011111000111011111110000100000110000111111111100001001111101101101101000101
11011001100001100100001010101010100010000010101010100010011110101010100001101111111111101111110000110110111110111111011101011011
01000010101111111100001001001111011101111100110001100010001101000110101000110101010100010011110101010100001101010011111110011010
00011010101111110000100000110000111111111100001001111100011101101000101110100111111110011000101000100000101010101000100111101010
10100000000000000000000010000100100110110110100010000011110000100010011011011010001000001111000010001001101101101000100000111100
00010010011111011010001000001111000010001001101101101000100000111100000100100111110110100010000011110010111001000100110110110100
01000001111000001001001111101101000100000111100001110010001110000010001100011011100100100011111100000000110001101001000111111000
10001000001111000001001001111101101000100000111100001110010001110000011110110100010000011110000010010011111011010001000001111001
00100100111010000011110000010010011111011010001000001111000000000000000000000000000000000000000000000000000000000000000000000000
00000000000000000000000010010000000100111000000000000000000000000000000000000000000000000000000000000100101000000000000000000000
00000000001000000001000010000000000000000000000000000000000000000000000000000000000000000000000000000000000000000000000000000000
00000100001000000000000000000000001000010000000000000000000000000000000000000000000000000000000000001000000000000000000000000000
00000000000000100001000000000000001001010000000000000000000000000000000000000000000000000000000000000000000000000000000000000000
00000100001000000000000100100000000000000000000000000000000000000000000000000000000000000000100110000000000000000000000000000000
00000000000000000000000000000000000000000000000000000000000000000000000000000000000000000000000000000000000000000000000100011100
10100001000000000000000000000000000000000000000010010100000000000000000000000000000000000000100011000000000000000000000000000000
00001001011001000000000000000000010010100000000000000000000001001000000000000000000000000000000000000000000000000000000000000100
00100000000110010010000000000000000100001100111000010000110011100000000000000000000000000000000000000000000000000000000000000000
00000010011000000000010000100000001001000000010000000000100110001000001100110000000000000010000100100110000000000000001000100000
00000000000000000000000000000000000000000000001001000000000000000000010010100000000000100100001000010000000000000000001001110000
00000000000000000000000000000000000000000000000000000000000000000000000000000100000000000001001000000000000011001010000010001010
01110000100000001001000010000100000011001100000000100000000000000000000000000000000000000000000000000000000000000100001000000000
00000000000000000000010001100000000000000000000000000000000000000000000000000000000000000000000000000000000000000000000000000000
10011000000000100010001011100001001010100110000100111001000000000000000000000000000000000000000000000000000000000000000000000000
00000000000000000000000000000000010000000110011000000000100100000000000000000000000000000000000000000000000000000000000000000000
00000000000000000100000000000000000001001000000000000000000000011000001110000100111100001100111000000000000000000000000000000000
00000000000000000000000000000010011000000000000000000000000000000000000000000000000000100000100101100011000000001001010000000000
00000000100111000010010100000000000000000000000000000000000000100110000000000000000000001000100000010001000000000000000000110100
01000000000000000000000000000010000100000000000000000000000000000000001001000000101111001001000000101011000000000100010000001000
00000001000000000000000000000010000000000000100100000000000000000000000000000000000000000000000000000000000000000100001100111000
00000001000000000000000000000000000000000000000000000000000000000000000000010001100000000000000000000000000000000000000000000000
00100101000001001010000000000010001100100001000000100110011001010000011000001101001110000000100101000000000000000000000000000000
00000000000000000000000000000000000000000000000000000011000011010010001000110100001100000000100010100100010010100000000000000000
10011000000000000000000000000000000000000000000000000000000000000000000000100100000000000001001010000010010000100000000001000000
00000000000001001000000000000000000000000000000000000000000000000000000000000000000000000000000010010000000000100000001001100000
00000001001000001001110000000000011001100000100100000000000000000000000000000000000000000000000000000000000000000000000000000000
00000000000000000000000000000000000000000000000000000000000000000000000000000000000000000000000000000000000000000000000000000000
00000000000000000000000000000000000000000000000000000000100001010000100000100001000001000010001000010000010000101000010000010000
10000000001000010100001000100001000000010000100000000010000101000010001000010000000100001000000000000000000000000000000010000110
00010110011001000000110011000000000110011000000100001100001000010000110000101100110010000001100110000000000001000011000010110011
00000010000110000101000010000011001100000000000010000110000101100110000001000011000010100001000001100110000000000000000000000000
00000000000000000000000000000000000000000000000000000000000000000000000000000000000000000000000000000000000000000000000000000000
00000000000000000000000000000000000000000000000000000000000000000000000000000000000000000000000000000000000000000000000000000000
00000000000000000000000000000000000000000000000000000000000000000000000000000000000000000000000000000000000000000000000000000000
00000000000000000000000000000000000000000000000000000000000000000000000000000000000000000000000000000000000000000000000000000000
00000000000000000000000000000000000000000000000000000000000000000000000000000000000010010011000100011100010001000000000000000000
00000000000000000000000000010001110001110001100000000000000000000000000000000000000000000000000000000000100001000100100100100000
00000000000000000000000000000000000000000001000111000110000000000000000000000000000000000000000000000000000001001110000000000000
00001001110000000000000000000000000010010011000100010000000000000000000000000000000000000000000000000000000000000000000000000000
00000000000000000000000000000000010001010010011000100011000000000000000000000000000000000000000000000000000000000000000000000000
00000000000000000000000000000000000000000000000000000000000000000000000000000000000000000000000000000000000000000000000000000000
00000000000000000000000000000000000000000000000000000000000000000000000000000000000000000000000000000000000000000000000000000000
00000000010011100000000000000000000000000000000000000000000000000000000000000000000000000000000000000000000000000000000000000000
00000000000000000000000000000000001001010000000001001110000011100010100000000000100101100001001111111111111111111111111111111111
11111111111111111111111111111111110000101000000000000000000000000000000000000000000000000000000000101010101001110010001000000000
00000000000000000100000000000000000000000000000011111111111111111111111111111111111111111111111101011110000000000000000000000000
11111111111111111111111111111111111111111111111111111111111111111111111111111111111111111111111111111111111111111111111111111111
*
NOTE END CONFIG DATA*
L77568
00000000000000000000000000000000000000000000000000000000000000000000000000000000000000000000000000000000000000000000000000000000
00000000000000000000000000000000000000000000000000000000000000000000000000000000000000000000000000000000000000000000000000000000
00000000000000000000000000000000000000000000000000000000000000000000000000000000000000000000000000000000000000000000000000000000
00000000000000000000000000000000000000000000000000000000000000000000000000000000000000000000000000000000000000000000000000000000
00000000000000000000000000000000000000000000000000000000000000000000000000000000000000000000000000000000000000000000000000000000
00000000000000000000000000000000000000000000000000000000000000000000000000000000000000000000000000000000000000000000000000000000
00000000000000000000000000000000000000000000000000000000000000000000000000000000000000000000000000000000000000000000000000000000
00000000000000000000000000000000000000000000000000000000000000000000000000000000000000000000000000000000000000000000000000000000
00000000000000000000000000000000000000000000000000000000000000000000000000000000000000000000000000000000000000000000000000000000
00000000000000000000000000000000000000000000000000000000000000000000000000000000000000000000000000000000000000000000000000000000
00000000000000000000000000000000000000000000000000000000000000000000000000000000000000000000000000000000000000000000000000000000
00000000000000000000000000000000000000000000000000000000000000000000000000000000000000000000000000000000000000000000000000000000
00000000000000000000000000000000000000000000000000000000000000000000000000000000000000000000000000000000000000000000000000000000
00000000000000000000000000000000000000000000000000000000000000000000000000000000000000000000000000000000000000000000000000000000
00000000000000000000000000000000000000000000000000000000000000000000000000000000000000000000000000000000000000000000000000000000
00000000000000000000000000000000000000000000000000000000000000000000000000000000000000000000000000000000000000000000000000000000
00000000000000000000000000000000000000000000000000000000000000000000000000000000000000000000000000000000000000000000000000000000
00000000000000000000000000000000000000000000000000000000000000000000000000000000000000000000000000000000000000000000000000000000
00000000000000000000000000000000000000000000000000000000000000000000000000000000000000000000000000000000000000000000000000000000
00000000000000000000000000000000000000000000000000000000000000000000000000000000000000000000000000000000000000000000000000000000
00000000000000000000000000000000000000000000000000000000000000000000000000000000000000000000000000000000000000000000000000000000
00000000000000000000000000000000000000000000000000000000000000000000000000000000000000000000000000000000000000000000000000000000
00000000000000000000000000000000000000000000000000000000000000000000000000000000000000000000000000000000000000000000000000000000
00000000000000000000000000000000000000000000000000000000000000000000000000000000000000000000000000000000000000000000000000000000
00000000000000000000000000000000000000000000000000000000000000000000000000000000000000000000000000000000000000000000000000000000
00000000000000000000000000000000000000000000000000000000000000000000000000000000000000000000000000000000000000000000000000000000
00000000000000000000000000000000000000000000000000000000000000000000000000000000000000000000000000000000000000000000000000000000
00000000000000000000000000000000000000000000000000000000000000000000000000000000000000000000000000000000000000000000000000000000
00000000000000000000000000000000000000000000000000000000000000000000000000000000000000000000000000000000000000000000000000000000
00000000000000000000000000000000000000000000000000000000000000000000000000000000000000000000000000000000000000000000000000000000
00000000000000000000000000000000000000000000000000000000000000000000000000000000000000000000000000000000000000000000000000000000
00000000000000000000000000000000000000000000000000000000000000000000000000000000000000000000000000000000000000000000000000000000
00000000000000000000000000000000000000000000000000000000000000000000000000000000000000000000000000000000000000000000000000000000
00000000000000000000000000000000000000000000000000000000000000000000000000000000000000000000000000000000000000000000000000000000
00000000000000000000000000000000000000000000000000000000000000000000000000000000000000000000000000000000000000000000000000000000
00000000000000000000000000000000000000000000000000000000000000000000000000000000000000000000000000000000000000000000000000000000
00000000000000000000000000000000000000000000000000000000000000000000000000000000000000000000000000000000000000000000000000000000
00000000000000000000000000000000000000000000000000000000000000000000000000000000000000000000000000000000000000000000000000000000
00000000000000000000000000000000000000000000000000000000000000000000000000000000000000000000000000000000000000000000000000000000
00000000000000000000000000000000000000000000000000000000000000000000000000000000000000000000000000000000000000000000000000000000
00000000000000000000000000000000000000000000000000000000000000000000000000000000000000000000000000000000000000000000000000000000
00000000000000000000000000000000000000000000000000000000000000000000000000000000000000000000000000000000000000000000000000000000
00000000000000000000000000000000000000000000000000000000000000000000000000000000000000000000000000000000000000000000000000000000
00000000000000000000000000000000000000000000000000000000000000000000000000000000000000000000000000000000000000000000000000000000
00000000000000000000000000000000000000000000000000000000000000000000000000000000000000000000000000000000000000000000000000000000
00000000000000000000000000000000000000000000000000000000000000000000000000000000000000000000000000000000000000000000000000000000
00000000000000000000000000000000000000000000000000000000000000000000000000000000000000000000000000000000000000000000000000000000
00000000000000000000000000000000000000000000000000000000000000000000000000000000000000000000000000000000000000000000000000000000
00000000000000000000000000000000000000000000000000000000000000000000000000000000000000000000000000000000000000000000000000000000
00000000000000000000000000000000000000000000000000000000000000000000000000000000000000000000000000000000000000000000000000000000
00000000000000000000000000000000000000000000000000000000000000000000000000000000000000000000000000000000000000000000000000000000
00000000000000000000000000000000000000000000000000000000000000000000000000000000000000000000000000000000000000000000000000000000
00000000000000000000000000000000000000000000000000000000000000000000000000000000000000000000000000000000000000000000000000000000
00000000000000000000000000000000000000000000000000000000000000000000000000000000000000000000000000000000000000000000000000000000
00000000000000000000000000000000000000000000000000000000000000000000000000000000000000000000000000000000000000000000000000000000
00000000000000000000000000000000000000000000000000000000000000000000000000000000000000000000000000000000000000000000000000000000
00000000000000000000000000000000000000000000000000000000000000000000000000000000000000000000000000000000000000000000000000000000
00000000000000000000000000000000000000000000000000000000000000000000000000000000000000000000000000000000000000000000000000000000
00000000000000000000000000000000000000000000000000000000000000000000000000000000000000000000000000000000000000000000000000000000
00000000000000000000000000000000000000000000000000000000000000000000000000000000000000000000000000000000000000000000000000000000
00000000000000000000000000000000000000000000000000000000000000000000000000000000000000000000000000000000000000000000000000000000
00000000000000000000000000000000000000000000000000000000000000000000000000000000000000000000000000000000000000000000000000000000
00000000000000000000000000000000000000000000000000000000000000000000000000000000000000000000000000000000000000000000000000000000
00000000000000000000000000000000000000000000000000000000000000000000000000000000000000000000000000000000000000000000000000000000
00000000000000000000000000000000000000000000000000000000000000000000000000000000000000000000000000000000000000000000000000000000
00000000000000000000000000000000000000000000000000000000000000000000000000000000000000000000000000000000000000000000000000000000
00000000000000000000000000000000000000000000000000000000000000000000000000000000000000000000000000000000000000000000000000000000
00000000000000000000000000000000000000000000000000000000000000000000000000000000000000000000000000000000000000000000000000000000
00000000000000000000000000000000000000000000000000000000000000000000000000000000000000000000000000000000000000000000000000000000
00000000000000000000000000000000000000000000000000000000000000000000000000000000000000000000000000000000000000000000000000000000
00000000000000000000000000000000000000000000000000000000000000000000000000000000000000000000000000000000000000000000000000000000
00000000000000000000000000000000000000000000000000000000000000000000000000000000000000000000000000000000000000000000000000000000
00000000000000000000000000000000000000000000000000000000000000000000000000000000000000000000000000000000000000000000000000000000
00000000000000000000000000000000000000000000000000000000000000000000000000000000000000000000000000000000000000000000000000000000
00000000000000000000000000000000000000000000000000000000000000000000000000000000000000000000000000000000000000000000000000000000
00000000000000000000000000000000000000000000000000000000000000000000000000000000000000000000000000000000000000000000000000000000
00000000000000000000000000000000000000000000000000000000000000000000000000000000000000000000000000000000000000000000000000000000
00000000000000000000000000000000000000000000000000000000000000000000000000000000000000000000000000000000000000000000000000000000
00000000000000000000000000000000000000000000000000000000000000000000000000000000000000000000000000000000000000000000000000000000
00000000000000000000000000000000000000000000000000000000000000000000000000000000000000000000000000000000000000000000000000000000
00000000000000000000000000000000000000000000000000000000000000000000000000000000000000000000000000000000000000000000000000000000
00000000000000000000000000000000000000000000000000000000000000000000000000000000000000000000000000000000000000000000000000000000
00000000000000000000000000000000000000000000000000000000000000000000000000000000000000000000000000000000000000000000000000000000
00000000000000000000000000000000000000000000000000000000000000000000000000000000000000000000000000000000000000000000000000000000
00000000000000000000000000000000000000000000000000000000000000000000000000000000000000000000000000000000000000000000000000000000
00000000000000000000000000000000000000000000000000000000000000000000000000000000000000000000000000000000000000000000000000000000
00000000000000000000000000000000000000000000000000000000000000000000000000000000000000000000000000000000000000000000000000000000
00000000000000000000000000000000000000000000000000000000000000000000000000000000000000000000000000000000000000000000000000000000
00000000000000000000000000000000000000000000000000000000000000000000000000000000000000000000000000000000000000000000000000000000
00000000000000000000000000000000000000000000000000000000000000000000000000000000000000000000000000000000000000000000000000000000
00000000000000000000000000000000000000000000000000000000000000000000000000000000000000000000000000000000000000000000000000000000
00000000000000000000000000000000000000000000000000000000000000000000000000000000000000000000000000000000000000000000000000000000
00000000000000000000000000000000000000000000000000000000000000000000000000000000000000000000000000000000000000000000000000000000
00000000000000000000000000000000000000000000000000000000000000000000000000000000000000000000000000000000000000000000000000000000
00000000000000000000000000000000000000000000000000000000000000000000000000000000000000000000000000000000000000000000000000000000
00000000000000000000000000000000000000000000000000000000000000000000000000000000000000000000000000000000000000000000000000000000
00000000000000000000000000000000000000000000000000000000000000000000000000000000000000000000000000000000000000000000000000000000
00000000000000000000000000000000000000000000000000000000000000000000000000000000000000000000000000000000000000000000000000000000
00000000000000000000000000000000000000000000000000000000000000000000000000000000000000000000000000000000000000000000000000000000
00000000000000000000000000000000000000000000000000000000000000000000000000000000000000000000000000000000000000000000000000000000
00000000000000000000000000000000000000000000000000000000000000000000000000000000000000000000000000000000000000000000000000000000
00000000000000000000000000000000000000000000000000000000000000000000000000000000000000000000000000000000000000000000000000000000
00000000000000000000000000000000000000000000000000000000000000000000000000000000000000000000000000000000000000000000000000000000
00000000000000000000000000000000000000000000000000000000000000000000000000000000000000000000000000000000000000000000000000000000
00000000000000000000000000000000000000000000000000000000000000000000000000000000000000000000000000000000000000000000000000000000
00000000000000000000000000000000000000000000000000000000000000000000000000000000000000000000000000000000000000000000000000000000
00000000000000000000000000000000000000000000000000000000000000000000000000000000000000000000000000000000000000000000000000000000
00000000000000000000000000000000000000000000000000000000000000000000000000000000000000000000000000000000000000000000000000000000
00000000000000000000000000000000000000000000000000000000000000000000000000000000000000000000000000000000000000000000000000000000
00000000000000000000000000000000000000000000000000000000000000000000000000000000000000000000000000000000000000000000000000000000
00000000000000000000000000000000000000000000000000000000000000000000000000000000000000000000000000000000000000000000000000000000
00000000000000000000000000000000000000000000000000000000000000000000000000000000000000000000000000000000000000000000000000000000
00000000000000000000000000000000000000000000000000000000000000000000000000000000000000000000000000000000000000000000000000000000
00000000000000000000000000000000000000000000000000000000000000000000000000000000000000000000000000000000000000000000000000000000
00000000000000000000000000000000000000000000000000000000000000000000000000000000000000000000000000000000000000000000000000000000
00000000000000000000000000000000000000000000000000000000000000000000000000000000000000000000000000000000000000000000000000000000
00000000000000000000000000000000000000000000000000000000000000000000000000000000000000000000000000000000000000000000000000000000
00000000000000000000000000000000000000000000000000000000000000000000000000000000000000000000000000000000000000000000000000000000
00000000000000000000000000000000000000000000000000000000000000000000000000000000000000000000000000000000000000000000000000000000
00000000000000000000000000000000000000000000000000000000000000000000000000000000000000000000000000000000000000000000000000000000
00000000000000000000000000000000000000000000000000000000000000000000000000000000000000000000000000000000000000000000000000000000
00000000000000000000000000000000000000000000000000000000000000000000000000000000000000000000000000000000000000000000000000000000
00000000000000000000000000000000000000000000000000000000000000000000000000000000000000000000000000000000000000000000000000000000
00000000000000000000000000000000000000000000000000000000000000000000000000000000000000000000000000000000000000000000000000000000
00000000000000000000000000000000000000000000000000000000000000000000000000000000000000000000000000000000000000000000000000000000
00000000000000000000000000000000000000000000000000000000000000000000000000000000000000000000000000000000000000000000000000000000
00000000000000000000000000000000000000000000000000000000000000000000000000000000000000000000000000000000000000000000000000000000
00000000000000000000000000000000000000000000000000000000000000000000000000000000000000000000000000000000000000000000000000000000
00000000000000000000000000000000000000000000000000000000000000000000000000000000000000000000000000000000000000000000000000000000
00000000000000000000000000000000000000000000000000000000000000000000000000000000000000000000000000000000000000000000000000000000
00000000000000000000000000000000000000000000000000000000000000000000000000000000000000000000000000000000000000000000000000000000
00000000000000000000000000000000000000000000000000000000000000000000000000000000000000000000000000000000000000000000000000000000
00000000000000000000000000000000000000000000000000000000000000000000000000000000000000000000000000000000000000000000000000000000
00000000000000000000000000000000000000000000000000000000000000000000000000000000000000000000000000000000000000000000000000000000
00000000000000000000000000000000000000000000000000000000000000000000000000000000000000000000000000000000000000000000000000000000
00000000000000000000000000000000000000000000000000000000000000000000000000000000000000000000000000000000000000000000000000000000
00000000000000000000000000000000000000000000000000000000000000000000000000000000000000000000000000000000000000000000000000000000
00000000000000000000000000000000000000000000000000000000000000000000000000000000000000000000000000000000000000000000000000000000
00000000000000000000000000000000000000000000000000000000000000000000000000000000000000000000000000000000000000000000000000000000
00000000000000000000000000000000000000000000000000000000000000000000000000000000000000000000000000000000000000000000000000000000
00000000000000000000000000000000000000000000000000000000000000000000000000000000000000000000000000000000000000000000000000000000
00000000000000000000000000000000000000000000000000000000000000000000000000000000000000000000000000000000000000000000000000000000
00000000000000000000000000000000000000000000000000000000000000000000000000000000000000000000000000000000000000000000000000000000
00000000000000000000000000000000000000000000000000000000000000000000000000000000000000000000000000000000000000000000000000000000
00000000000000000000000000000000000000000000000000000000000000000000000000000000000000000000000000000000000000000000000000000000
00000000000000000000000000000000000000000000000000000000000000000000000000000000000000000000000000000000000000000000000000000000
00000000000000000000000000000000000000000000000000000000000000000000000000000000000000000000000000000000000000000000000000000000
00000000000000000000000000000000000000000000000000000000000000000000000000000000000000000000000000000000000000000000000000000000
00000000000000000000000000000000000000000000000000000000000000000000000000000000000000000000000000000000000000000000000000000000
00000000000000000000000000000000000000000000000000000000000000000000000000000000000000000000000000000000000000000000000000000000
00000000000000000000000000000000000000000000000000000000000000000000000000000000000000000000000000000000000000000000000000000000
00000000000000000000000000000000000000000000000000000000000000000000000000000000000000000000000000000000000000000000000000000000
00000000000000000000000000000000000000000000000000000000000000000000000000000000000000000000000000000000000000000000000000000000
00000000000000000000000000000000000000000000000000000000000000000000000000000000000000000000000000000000000000000000000000000000
00000000000000000000000000000000000000000000000000000000000000000000000000000000000000000000000000000000000000000000000000000000
00000000000000000000000000000000000000000000000000000000000000000000000000000000000000000000000000000000000000000000000000000000
00000000000000000000000000000000000000000000000000000000000000000000000000000000000000000000000000000000000000000000000000000000
00000000000000000000000000000000000000000000000000000000000000000000000000000000000000000000000000000000000000000000000000000000
00000000000000000000000000000000000000000000000000000000000000000000000000000000000000000000000000000000000000000000000000000000
00000000000000000000000000000000000000000000000000000000000000000000000000000000000000000000000000000000000000000000000000000000
00000000000000000000000000000000000000000000000000000000000000000000000000000000000000000000000000000000000000000000000000000000
00000000000000000000000000000000000000000000000000000000000000000000000000000000000000000000000000000000000000000000000000000000
00000000000000000000000000000000000000000000000000000000000000000000000000000000000000000000000000000000000000000000000000000000
00000000000000000000000000000000000000000000000000000000000000000000000000000000000000000000000000000000000000000000000000000000
00000000000000000000000000000000000000000000000000000000000000000000000000000000000000000000000000000000000000000000000000000000
00000000000000000000000000000000000000000000000000000000000000000000000000000000000000000000000000000000000000000000000000000000
00000000000000000000000000000000000000000000000000000000000000000000000000000000000000000000000000000000000000000000000000000000
00000000000000000000000000000000000000000000000000000000000000000000000000000000000000000000000000000000000000000000000000000000
00000000000000000000000000000000000000000000000000000000000000000000000000000000000000000000000000000000000000000000000000000000
00000000000000000000000000000000000000000000000000000000000000000000000000000000000000000000000000000000000000000000000000000000
00000000000000000000000000000000000000000000000000000000000000000000000000000000000000000000000000000000000000000000000000000000
00000000000000000000000000000000000000000000000000000000000000000000000000000000000000000000000000000000000000000000000000000000
00000000000000000000000000000000000000000000000000000000000000000000000000000000000000000000000000000000000000000000000000000000
00000000000000000000000000000000000000000000000000000000000000000000000000000000000000000000000000000000000000000000000000000000
00000000000000000000000000000000000000000000000000000000000000000000000000000000000000000000000000000000000000000000000000000000
00000000000000000000000000000000000000000000000000000000000000000000000000000000000000000000000000000000000000000000000000000000
00000000000000000000000000000000000000000000000000000000000000000000000000000000000000000000000000000000000000000000000000000000
00000000000000000000000000000000000000000000000000000000000000000000000000000000000000000000000000000000000000000000000000000000
00000000000000000000000000000000000000000000000000000000000000000000000000000000000000000000000000000000000000000000000000000000
00000000000000000000000000000000000000000000000000000000000000000000000000000000000000000000000000000000000000000000000000000000
00000000000000000000000000000000000000000000000000000000000000000000000000000000000000000000000000000000000000000000000000000000
00000000000000000000000000000000000000000000000000000000000000000000000000000000000000000000000000000000000000000000000000000000
00000000000000000000000000000000000000000000000000000000000000000000000000000000000000000000000000000000000000000000000000000000
00000000000000000000000000000000000000000000000000000000000000000000000000000000000000000000000000000000000000000000000000000000
00000000000000000000000000000000000000000000000000000000000000000000000000000000000000000000000000000000000000000000000000000000
00000000000000000000000000000000000000000000000000000000000000000000000000000000000000000000000000000000000000000000000000000000
00000000000000000000000000000000000000000000000000000000000000000000000000000000000000000000000000000000000000000000000000000000
00000000000000000000000000000000000000000000000000000000000000000000000000000000000000000000000000000000000000000000000000000000
00000000000000000000000000000000000000000000000000000000000000000000000000000000000000000000000000000000000000000000000000000000
00000000000000000000000000000000000000000000000000000000000000000000000000000000000000000000000000000000000000000000000000000000
00000000000000000000000000000000000000000000000000000000000000000000000000000000000000000000000000000000000000000000000000000000
00000000000000000000000000000000000000000000000000000000000000000000000000000000000000000000000000000000000000000000000000000000
00000000000000000000000000000000000000000000000000000000000000000000000000000000000000000000000000000000000000000000000000000000
00000000000000000000000000000000000000000000000000000000000000000000000000000000000000000000000000000000000000000000000000000000
00000000000000000000000000000000000000000000000000000000000000000000000000000000000000000000000000000000000000000000000000000000
00000000000000000000000000000000000000000000000000000000000000000000000000000000000000000000000000000000000000000000000000000000
00000000000000000000000000000000000000000000000000000000000000000000000000000000000000000000000000000000000000000000000000000000
00000000000000000000000000000000000000000000000000000000000000000000000000000000000000000000000000000000000000000000000000000000
00000000000000000000000000000000000000000000000000000000000000000000000000000000000000000000000000000000000000000000000000000000
00000000000000000000000000000000000000000000000000000000000000000000000000000000000000000000000000000000000000000000000000000000
00000000000000000000000000000000000000000000000000000000000000000000000000000000000000000000000000000000000000000000000000000000
00000000000000000000000000000000000000000000000000000000000000000000000000000000000000000000000000000000000000000000000000000000
00000000000000000000000000000000000000000000000000000000000000000000000000000000000000000000000000000000000000000000000000000000
00000000000000000000000000000000000000000000000000000000000000000000000000000000000000000000000000000000000000000000000000000000
00000000000000000000000000000000000000000000000000000000000000000000000000000000000000000000000000000000000000000000000000000000
00000000000000000000000000000000000000000000000000000000000000000000000000000000000000000000000000000000000000000000000000000000
00000000000000000000000000000000000000000000000000000000000000000000000000000000000000000000000000000000000000000000000000000000
00000000000000000000000000000000000000000000000000000000000000000000000000000000000000000000000000000000000000000000000000000000
00000000000000000000000000000000000000000000000000000000000000000000000000000000000000000000000000000000000000000000000000000000
00000000000000000000000000000000000000000000000000000000000000000000000000000000000000000000000000000000000000000000000000000000
00000000000000000000000000000000000000000000000000000000000000000000000000000000000000000000000000000000000000000000000000000000
00000000000000000000000000000000000000000000000000000000000000000000000000000000000000000000000000000000000000000000000000000000
00000000000000000000000000000000000000000000000000000000000000000000000000000000000000000000000000000000000000000000000000000000
00000000000000000000000000000000000000000000000000000000000000000000000000000000000000000000000000000000000000000000000000000000
00000000000000000000000000000000000000000000000000000000000000000000000000000000000000000000000000000000000000000000000000000000
00000000000000000000000000000000000000000000000000000000000000000000000000000000000000000000000000000000000000000000000000000000
00000000000000000000000000000000000000000000000000000000000000000000000000000000000000000000000000000000000000000000000000000000
00000000000000000000000000000000000000000000000000000000000000000000000000000000000000000000000000000000000000000000000000000000
00000000000000000000000000000000000000000000000000000000000000000000000000000000000000000000000000000000000000000000000000000000
00000000000000000000000000000000000000000000000000000000000000000000000000000000000000000000000000000000000000000000000000000000
00000000000000000000000000000000000000000000000000000000000000000000000000000000000000000000000000000000000000000000000000000000
00000000000000000000000000000000000000000000000000000000000000000000000000000000000000000000000000000000000000000000000000000000
00000000000000000000000000000000000000000000000000000000000000000000000000000000000000000000000000000000000000000000000000000000
00000000000000000000000000000000000000000000000000000000000000000000000000000000000000000000000000000000000000000000000000000000
00000000000000000000000000000000000000000000000000000000000000000000000000000000000000000000000000000000000000000000000000000000
00000000000000000000000000000000000000000000000000000000000000000000000000000000000000000000000000000000000000000000000000000000
00000000000000000000000000000000000000000000000000000000000000000000000000000000000000000000000000000000000000000000000000000000
00000000000000000000000000000000000000000000000000000000000000000000000000000000000000000000000000000000000000000000000000000000
00000000000000000000000000000000000000000000000000000000000000000000000000000000000000000000000000000000000000000000000000000000
00000000000000000000000000000000000000000000000000000000000000000000000000000000000000000000000000000000000000000000000000000000
00000000000000000000000000000000000000000000000000000000000000000000000000000000000000000000000000000000000000000000000000000000
00000000000000000000000000000000000000000000000000000000000000000000000000000000000000000000000000000000000000000000000000000000
00000000000000000000000000000000000000000000000000000000000000000000000000000000000000000000000000000000000000000000000000000000
00000000000000000000000000000000000000000000000000000000000000000000000000000000000000000000000000000000000000000000000000000000
00000000000000000000000000000000000000000000000000000000000000000000000000000000000000000000000000000000000000000000000000000000
00000000000000000000000000000000000000000000000000000000000000000000000000000000000000000000000000000000000000000000000000000000
00000000000000000000000000000000000000000000000000000000000000000000000000000000000000000000000000000000000000000000000000000000
00000000000000000000000000000000000000000000000000000000000000000000000000000000000000000000000000000000000000000000000000000000
00000000000000000000000000000000000000000000000000000000000000000000000000000000000000000000000000000000000000000000000000000000
00000000000000000000000000000000000000000000000000000000000000000000000000000000000000000000000000000000000000000000000000000000
00000000000000000000000000000000000000000000000000000000000000000000000000000000000000000000000000000000000000000000000000000000
00000000000000000000000000000000000000000000000000000000000000000000000000000000000000000000000000000000000000000000000000000000
00000000000000000000000000000000000000000000000000000000000000000000000000000000000000000000000000000000000000000000000000000000
00000000000000000000000000000000000000000000000000000000000000000000000000000000000000000000000000000000000000000000000000000000
00000000000000000000000000000000000000000000000000000000000000000000000000000000000000000000000000000000000000000000000000000000
00000000000000000000000000000000000000000000000000000000000000000000000000000000000000000000000000000000000000000000000000000000
00000000000000000000000000000000000000000000000000000000000000000000000000000000000000000000000000000000000000000000000000000000
00000000000000000000000000000000000000000000000000000000000000000000000000000000000000000000000000000000000000000000000000000000
00000000000000000000000000000000000000000000000000000000000000000000000000000000000000000000000000000000000000000000000000000000
00000000000000000000000000000000000000000000000000000000000000000000000000000000000000000000000000000000000000000000000000000000
00000000000000000000000000000000000000000000000000000000000000000000000000000000000000000000000000000000000000000000000000000000
00000000000000000000000000000000000000000000000000000000000000000000000000000000000000000000000000000000000000000000000000000000
00000000000000000000000000000000000000000000000000000000000000000000000000000000000000000000000000000000000000000000000000000000
00000000000000000000000000000000000000000000000000000000000000000000000000000000000000000000000000000000000000000000000000000000
00000000000000000000000000000000000000000000000000000000000000000000000000000000000000000000000000000000000000000000000000000000
00000000000000000000000000000000000000000000000000000000000000000000000000000000000000000000000000000000000000000000000000000000
00000000000000000000000000000000000000000000000000000000000000000000000000000000000000000000000000000000000000000000000000000000
00000000000000000000000000000000000000000000000000000000000000000000000000000000000000000000000000000000000000000000000000000000
00000000000000000000000000000000000000000000000000000000000000000000000000000000000000000000000000000000000000000000000000000000
00000000000000000000000000000000000000000000000000000000000000000000000000000000000000000000000000000000000000000000000000000000
00000000000000000000000000000000000000000000000000000000000000000000000000000000000000000000000000000000000000000000000000000000
00000000000000000000000000000000000000000000000000000000000000000000000000000000000000000000000000000000000000000000000000000000
00000000000000000000000000000000000000000000000000000000000000000000000000000000000000000000000000000000000000000000000000000000
00000000000000000000000000000000000000000000000000000000000000000000000000000000000000000000000000000000000000000000000000000000
00000000000000000000000000000000000000000000000000000000000000000000000000000000000000000000000000000000000000000000000000000000
00000000000000000000000000000000000000000000000000000000000000000000000000000000000000000000000000000000000000000000000000000000
00000000000000000000000000000000000000000000000000000000000000000000000000000000000000000000000000000000000000000000000000000000
00000000000000000000000000000000000000000000000000000000000000000000000000000000000000000000000000000000000000000000000000000000
00000000000000000000000000000000000000000000000000000000000000000000000000000000000000000000000000000000000000000000000000000000
00000000000000000000000000000000000000000000000000000000000000000000000000000000000000000000000000000000000000000000000000000000
00000000000000000000000000000000000000000000000000000000000000000000000000000000000000000000000000000000000000000000000000000000
00000000000000000000000000000000000000000000000000000000000000000000000000000000000000000000000000000000000000000000000000000000
00000000000000000000000000000000000000000000000000000000000000000000000000000000000000000000000000000000000000000000000000000000
00000000000000000000000000000000000000000000000000000000000000000000000000000000000000000000000000000000000000000000000000000000
00000000000000000000000000000000000000000000000000000000000000000000000000000000000000000000000000000000000000000000000000000000
00000000000000000000000000000000000000000000000000000000000000000000000000000000000000000000000000000000000000000000000000000000
00000000000000000000000000000000000000000000000000000000000000000000000000000000000000000000000000000000000000000000000000000000
00000000000000000000000000000000000000000000000000000000000000000000000000000000000000000000000000000000000000000000000000000000
00000000000000000000000000000000000000000000000000000000000000000000000000000000000000000000000000000000000000000000000000000000
00000000000000000000000000000000000000000000000000000000000000000000000000000000000000000000000000000000000000000000000000000000
00000000000000000000000000000000000000000000000000000000000000000000000000000000000000000000000000000000000000000000000000000000
00000000000000000000000000000000000000000000000000000000000000000000000000000000000000000000000000000000000000000000000000000000
00000000000000000000000000000000000000000000000000000000000000000000000000000000000000000000000000000000000000000000000000000000
00000000000000000000000000000000000000000000000000000000000000000000000000000000000000000000000000000000000000000000000000000000
00000000000000000000000000000000000000000000000000000000000000000000000000000000000000000000000000000000000000000000000000000000
00000000000000000000000000000000000000000000000000000000000000000000000000000000000000000000000000000000000000000000000000000000
00000000000000000000000000000000000000000000000000000000000000000000000000000000000000000000000000000000000000000000000000000000
00000000000000000000000000000000000000000000000000000000000000000000000000000000000000000000000000000000000000000000000000000000
00000000000000000000000000000000000000000000000000000000000000000000000000000000000000000000000000000000000000000000000000000000
00000000000000000000000000000000000000000000000000000000000000000000000000000000000000000000000000000000000000000000000000000000
00000000000000000000000000000000000000000000000000000000000000000000000000000000000000000000000000000000000000000000000000000000
00000000000000000000000000000000000000000000000000000000000000000000000000000000000000000000000000000000000000000000000000000000
00000000000000000000000000000000000000000000000000000000000000000000000000000000000000000000000000000000000000000000000000000000
00000000000000000000000000000000000000000000000000000000000000000000000000000000000000000000000000000000000000000000000000000000
00000000000000000000000000000000000000000000000000000000000000000000000000000000000000000000000000000000000000000000000000000000
00000000000000000000000000000000000000000000000000000000000000000000000000000000000000000000000000000000000000000000000000000000
00000000000000000000000000000000000000000000000000000000000000000000000000000000000000000000000000000000000000000000000000000000
00000000000000000000000000000000000000000000000000000000000000000000000000000000000000000000000000000000000000000000000000000000
00000000000000000000000000000000000000000000000000000000000000000000000000000000000000000000000000000000000000000000000000000000
00000000000000000000000000000000000000000000000000000000000000000000000000000000000000000000000000000000000000000000000000000000
00000000000000000000000000000000000000000000000000000000000000000000000000000000000000000000000000000000000000000000000000000000
00000000000000000000000000000000000000000000000000000000000000000000000000000000000000000000000000000000000000000000000000000000
00000000000000000000000000000000000000000000000000000000000000000000000000000000000000000000000000000000000000000000000000000000
00000000000000000000000000000000000000000000000000000000000000000000000000000000000000000000000000000000000000000000000000000000
00000000000000000000000000000000000000000000000000000000000000000000000000000000000000000000000000000000000000000000000000000000
00000000000000000000000000000000000000000000000000000000000000000000000000000000000000000000000000000000000000000000000000000000
00000000000000000000000000000000000000000000000000000000000000000000000000000000000000000000000000000000000000000000000000000000
00000000000000000000000000000000000000000000000000000000000000000000000000000000000000000000000000000000000000000000000000000000
00000000000000000000000000000000000000000000000000000000000000000000000000000000000000000000000000000000000000000000000000000000
00000000000000000000000000000000000000000000000000000000000000000000000000000000000000000000000000000000000000000000000000000000
00000000000000000000000000000000000000000000000000000000000000000000000000000000000000000000000000000000000000000000000000000000
00000000000000000000000000000000000000000000000000000000000000000000000000000000000000000000000000000000000000000000000000000000
00000000000000000000000000000000000000000000000000000000000000000000000000000000000000000000000000000000000000000000000000000000
00000000000000000000000000000000000000000000000000000000000000000000000000000000000000000000000000000000000000000000000000000000
00000000000000000000000000000000000000000000000000000000000000000000000000000000000000000000000000000000000000000000000000000000
00000000000000000000000000000000000000000000000000000000000000000000000000000000000000000000000000000000000000000000000000000000
00000000000000000000000000000000000000000000000000000000000000000000000000000000000000000000000000000000000000000000000000000000
00000000000000000000000000000000000000000000000000000000000000000000000000000000000000000000000000000000000000000000000000000000
00000000000000000000000000000000000000000000000000000000000000000000000000000000000000000000000000000000000000000000000000000000
00000000000000000000000000000000000000000000000000000000000000000000000000000000000000000000000000000000000000000000000000000000
00000000000000000000000000000000000000000000000000000000000000000000000000000000000000000000000000000000000000000000000000000000
00000000000000000000000000000000000000000000000000000000000000000000000000000000000000000000000000000000000000000000000000000000
00000000000000000000000000000000000000000000000000000000000000000000000000000000000000000000000000000000000000000000000000000000
00000000000000000000000000000000000000000000000000000000000000000000000000000000000000000000000000000000000000000000000000000000
00000000000000000000000000000000000000000000000000000000000000000000000000000000000000000000000000000000000000000000000000000000
00000000000000000000000000000000000000000000000000000000000000000000000000000000000000000000000000000000000000000000000000000000
00000000000000000000000000000000000000000000000000000000000000000000000000000000000000000000000000000000000000000000000000000000
00000000000000000000000000000000000000000000000000000000000000000000000000000000000000000000000000000000000000000000000000000000
00000000000000000000000000000000000000000000000000000000000000000000000000000000000000000000000000000000000000000000000000000000
00000000000000000000000000000000000000000000000000000000000000000000000000000000000000000000000000000000000000000000000000000000
00000000000000000000000000000000000000000000000000000000000000000000000000000000000000000000000000000000000000000000000000000000
00000000000000000000000000000000000000000000000000000000000000000000000000000000000000000000000000000000000000000000000000000000
00000000000000000000000000000000000000000000000000000000000000000000000000000000000000000000000000000000000000000000000000000000
00000000000000000000000000000000000000000000000000000000000000000000000000000000000000000000000000000000000000000000000000000000
00000000000000000000000000000000000000000000000000000000000000000000000000000000000000000000000000000000000000000000000000000000
00000000000000000000000000000000000000000000000000000000000000000000000000000000000000000000000000000000000000000000000000000000
00000000000000000000000000000000000000000000000000000000000000000000000000000000000000000000000000000000000000000000000000000000
00000000000000000000000000000000000000000000000000000000000000000000000000000000000000000000000000000000000000000000000000000000
00000000000000000000000000000000000000000000000000000000000000000000000000000000000000000000000000000000000000000000000000000000
00000000000000000000000000000000000000000000000000000000000000000000000000000000000000000000000000000000000000000000000000000000
00000000000000000000000000000000000000000000000000000000000000000000000000000000000000000000000000000000000000000000000000000000
00000000000000000000000000000000000000000000000000000000000000000000000000000000000000000000000000000000000000000000000000000000
00000000000000000000000000000000000000000000000000000000000000000000000000000000000000000000000000000000000000000000000000000000
00000000000000000000000000000000000000000000000000000000000000000000000000000000000000000000000000000000000000000000000000000000
00000000000000000000000000000000000000000000000000000000000000000000000000000000000000000000000000000000000000000000000000000000
00000000000000000000000000000000000000000000000000000000000000000000000000000000000000000000000000000000000000000000000000000000
00000000000000000000000000000000000000000000000000000000000000000000000000000000000000000000000000000000000000000000000000000000
00000000000000000000000000000000000000000000000000000000000000000000000000000000000000000000000000000000000000000000000000000000
00000000000000000000000000000000000000000000000000000000000000000000000000000000000000000000000000000000000000000000000000000000
00000000000000000000000000000000000000000000000000000000000000000000000000000000000000000000000000000000000000000000000000000000
00000000000000000000000000000000000000000000000000000000000000000000000000000000000000000000000000000000000000000000000000000000
00000000000000000000000000000000000000000000000000000000000000000000000000000000000000000000000000000000000000000000000000000000
00000000000000000000000000000000000000000000000000000000000000000000000000000000000000000000000000000000000000000000000000000000
00000000000000000000000000000000000000000000000000000000000000000000000000000000000000000000000000000000000000000000000000000000
00000000000000000000000000000000000000000000000000000000000000000000000000000000000000000000000000000000000000000000000000000000
00000000000000000000000000000000000000000000000000000000000000000000000000000000000000000000000000000000000000000000000000000000
00000000000000000000000000000000000000000000000000000000000000000000000000000000000000000000000000000000000000000000000000000000
00000000000000000000000000000000000000000000000000000000000000000000000000000000000000000000000000000000000000000000000000000000
00000000000000000000000000000000000000000000000000000000000000000000000000000000000000000000000000000000000000000000000000000000
00000000000000000000000000000000000000000000000000000000000000000000000000000000000000000000000000000000000000000000000000000000
00000000000000000000000000000000000000000000000000000000000000000000000000000000000000000000000000000000000000000000000000000000
00000000000000000000000000000000000000000000000000000000000000000000000000000000000000000000000000000000000000000000000000000000
00000000000000000000000000000000000000000000000000000000000000000000000000000000000000000000000000000000000000000000000000000000
00000000000000000000000000000000000000000000000000000000000000000000000000000000000000000000000000000000000000000000000000000000
00000000000000000000000000000000000000000000000000000000000000000000000000000000000000000000000000000000000000000000000000000000
00000000000000000000000000000000000000000000000000000000000000000000000000000000000000000000000000000000000000000000000000000000
00000000000000000000000000000000000000000000000000000000000000000000000000000000000000000000000000000000000000000000000000000000
00000000000000000000000000000000000000000000000000000000000000000000000000000000000000000000000000000000000000000000000000000000
00000000000000000000000000000000000000000000000000000000000000000000000000000000000000000000000000000000000000000000000000000000
00000000000000000000000000000000000000000000000000000000000000000000000000000000000000000000000000000000000000000000000000000000
00000000000000000000000000000000000000000000000000000000000000000000000000000000000000000000000000000000000000000000000000000000
00000000000000000000000000000000000000000000000000000000000000000000000000000000000000000000000000000000000000000000000000000000
00000000000000000000000000000000000000000000000000000000000000000000000000000000000000000000000000000000000000000000000000000000
00000000000000000000000000000000000000000000000000000000000000000000000000000000000000000000000000000000000000000000000000000000
00000000000000000000000000000000000000000000000000000000000000000000000000000000000000000000000000000000000000000000000000000000
00000000000000000000000000000000000000000000000000000000000000000000000000000000000000000000000000000000000000000000000000000000
00000000000000000000000000000000000000000000000000000000000000000000000000000000000000000000000000000000000000000000000000000000
00000000000000000000000000000000000000000000000000000000000000000000000000000000000000000000000000000000000000000000000000000000
00000000000000000000000000000000000000000000000000000000000000000000000000000000000000000000000000000000000000000000000000000000
00000000000000000000000000000000000000000000000000000000000000000000000000000000000000000000000000000000000000000000000000000000
00000000000000000000000000000000000000000000000000000000000000000000000000000000000000000000000000000000000000000000000000000000
00000000000000000000000000000000000000000000000000000000000000000000000000000000000000000000000000000000000000000000000000000000
00000000000000000000000000000000000000000000000000000000000000000000000000000000000000000000000000000000000000000000000000000000
00000000000000000000000000000000000000000000000000000000000000000000000000000000000000000000000000000000000000000000000000000000
00000000000000000000000000000000000000000000000000000000000000000000000000000000000000000000000000000000000000000000000000000000
00000000000000000000000000000000000000000000000000000000000000000000000000000000000000000000000000000000000000000000000000000000
00000000000000000000000000000000000000000000000000000000000000000000000000000000000000000000000000000000000000000000000000000000
00000000000000000000000000000000000000000000000000000000000000000000000000000000000000000000000000000000000000000000000000000000
00000000000000000000000000000000000000000000000000000000000000000000000000000000000000000000000000000000000000000000000000000000
00000000000000000000000000000000000000000000000000000000000000000000000000000000000000000000000000000000000000000000000000000000
00000000000000000000000000000000000000000000000000000000000000000000000000000000000000000000000000000000000000000000000000000000
00000000000000000000000000000000000000000000000000000000000000000000000000000000000000000000000000000000000000000000000000000000
00000000000000000000000000000000000000000000000000000000000000000000000000000000000000000000000000000000000000000000000000000000
00000000000000000000000000000000000000000000000000000000000000000000000000000000000000000000000000000000000000000000000000000000
00000000000000000000000000000000000000000000000000000000000000000000000000000000000000000000000000000000000000000000000000000000
00000000000000000000000000000000000000000000000000000000000000000000000000000000000000000000000000000000000000000000000000000000
00000000000000000000000000000000000000000000000000000000000000000000000000000000000000000000000000000000000000000000000000000000
00000000000000000000000000000000000000000000000000000000000000000000000000000000000000000000000000000000000000000000000000000000
00000000000000000000000000000000000000000000000000000000000000000000000000000000000000000000000000000000000000000000000000000000
00000000000000000000000000000000000000000000000000000000000000000000000000000000000000000000000000000000000000000000000000000000
00000000000000000000000000000000000000000000000000000000000000000000000000000000000000000000000000000000000000000000000000000000
00000000000000000000000000000000000000000000000000000000000000000000000000000000000000000000000000000000000000000000000000000000
00000000000000000000000000000000000000000000000000000000000000000000000000000000000000000000000000000000000000000000000000000000
00000000000000000000000000000000000000000000000000000000000000000000000000000000000000000000000000000000000000000000000000000000
00000000000000000000000000000000000000000000000000000000000000000000000000000000000000000000000000000000000000000000000000000000
00000000000000000000000000000000000000000000000000000000000000000000000000000000000000000000000000000000000000000000000000000000
00000000000000000000000000000000000000000000000000000000000000000000000000000000000000000000000000000000000000000000000000000000
00000000000000000000000000000000000000000000000000000000000000000000000000000000000000000000000000000000000000000000000000000000
00000000000000000000000000000000000000000000000000000000000000000000000000000000000000000000000000000000000000000000000000000000
00000000000000000000000000000000000000000000000000000000000000000000000000000000000000000000000000000000000000000000000000000000
00000000000000000000000000000000000000000000000000000000000000000000000000000000000000000000000000000000000000000000000000000000
00000000000000000000000000000000000000000000000000000000000000000000000000000000000000000000000000000000000000000000000000000000
00000000000000000000000000000000000000000000000000000000000000000000000000000000000000000000000000000000000000000000000000000000
00000000000000000000000000000000000000000000000000000000000000000000000000000000000000000000000000000000000000000000000000000000
00000000000000000000000000000000000000000000000000000000000000000000000000000000000000000000000000000000000000000000000000000000
00000000000000000000000000000000000000000000000000000000000000000000000000000000000000000000000000000000000000000000000000000000
00000000000000000000000000000000000000000000000000000000000000000000000000000000000000000000000000000000000000000000000000000000
00000000000000000000000000000000000000000000000000000000000000000000000000000000000000000000000000000000000000000000000000000000
00000000000000000000000000000000000000000000000000000000000000000000000000000000000000000000000000000000000000000000000000000000
00000000000000000000000000000000000000000000000000000000000000000000000000000000000000000000000000000000000000000000000000000000
00000000000000000000000000000000000000000000000000000000000000000000000000000000000000000000000000000000000000000000000000000000
00000000000000000000000000000000000000000000000000000000000000000000000000000000000000000000000000000000000000000000000000000000
00000000000000000000000000000000000000000000000000000000000000000000000000000000000000000000000000000000000000000000000000000000
00000000000000000000000000000000000000000000000000000000000000000000000000000000000000000000000000000000000000000000000000000000
00000000000000000000000000000000000000000000000000000000000000000000000000000000000000000000000000000000000000000000000000000000
00000000000000000000000000000000000000000000000000000000000000000000000000000000000000000000000000000000000000000000000000000000
00000000000000000000000000000000000000000000000000000000000000000000000000000000000000000000000000000000000000000000000000000000
00000000000000000000000000000000000000000000000000000000000000000000000000000000000000000000000000000000000000000000000000000000
00000000000000000000000000000000000000000000000000000000000000000000000000000000000000000000000000000000000000000000000000000000
00000000000000000000000000000000000000000000000000000000000000000000000000000000000000000000000000000000000000000000000000000000
00000000000000000000000000000000000000000000000000000000000000000000000000000000000000000000000000000000000000000000000000000000
00000000000000000000000000000000000000000000000000000000000000000000000000000000000000000000000000000000000000000000000000000000
00000000000000000000000000000000000000000000000000000000000000000000000000000000000000000000000000000000000000000000000000000000
00000000000000000000000000000000000000000000000000000000000000000000000000000000000000000000000000000000000000000000000000000000
00000000000000000000000000000000000000000000000000000000000000000000000000000000000000000000000000000000000000000000000000000000
00000000000000000000000000000000000000000000000000000000000000000000000000000000000000000000000000000000000000000000000000000000
00000000000000000000000000000000000000000000000000000000000000000000000000000000000000000000000000000000000000000000000000000000
00000000000000000000000000000000000000000000000000000000000000000000000000000000000000000000000000000000000000000000000000000000
00000000000000000000000000000000000000000000000000000000000000000000000000000000000000000000000000000000000000000000000000000000
00000000000000000000000000000000000000000000000000000000000000000000000000000000000000000000000000000000000000000000000000000000
00000000000000000000000000000000000000000000000000000000000000000000000000000000000000000000000000000000000000000000000000000000
00000000000000000000000000000000000000000000000000000000000000000000000000000000000000000000000000000000000000000000000000000000
00000000000000000000000000000000000000000000000000000000000000000000000000000000000000000000000000000000000000000000000000000000
00000000000000000000000000000000000000000000000000000000000000000000000000000000000000000000000000000000000000000000000000000000
00000000000000000000000000000000000000000000000000000000000000000000000000000000000000000000000000000000000000000000000000000000
00000000000000000000000000000000000000000000000000000000000000000000000000000000000000000000000000000000000000000000000000000000
00000000000000000000000000000000000000000000000000000000000000000000000000000000000000000000000000000000000000000000000000000000
00000000000000000000000000000000000000000000000000000000000000000000000000000000000000000000000000000000000000000000000000000000
00000000000000000000000000000000000000000000000000000000000000000000000000000000000000000000000000000000000000000000000000000000
00000000000000000000000000000000000000000000000000000000000000000000000000000000000000000000000000000000000000000000000000000000
00000000000000000000000000000000000000000000000000000000000000000000000000000000000000000000000000000000000000000000000000000000
00000000000000000000000000000000000000000000000000000000000000000000000000000000000000000000000000000000000000000000000000000000
00000000000000000000000000000000000000000000000000000000000000000000000000000000000000000000000000000000000000000000000000000000
00000000000000000000000000000000000000000000000000000000000000000000000000000000000000000000000000000000000000000000000000000000
00000000000000000000000000000000000000000000000000000000000000000000000000000000000000000000000000000000000000000000000000000000
00000000000000000000000000000000000000000000000000000000000000000000000000000000000000000000000000000000000000000000000000000000
00000000000000000000000000000000000000000000000000000000000000000000000000000000000000000000000000000000000000000000000000000000
00000000000000000000000000000000000000000000000000000000000000000000000000000000000000000000000000000000000000000000000000000000
00000000000000000000000000000000000000000000000000000000000000000000000000000000000000000000000000000000000000000000000000000000
00000000000000000000000000000000000000000000000000000000000000000000000000000000000000000000000000000000000000000000000000000000
00000000000000000000000000000000000000000000000000000000000000000000000000000000000000000000000000000000000000000000000000000000
00000000000000000000000000000000000000000000000000000000000000000000000000000000000000000000000000000000000000000000000000000000
00000000000000000000000000000000000000000000000000000000000000000000000000000000000000000000000000000000000000000000000000000000
00000000000000000000000000000000000000000000000000000000000000000000000000000000000000000000000000000000000000000000000000000000
00000000000000000000000000000000000000000000000000000000000000000000000000000000000000000000000000000000000000000000000000000000
00000000000000000000000000000000000000000000000000000000000000000000000000000000000000000000000000000000000000000000000000000000
00000000000000000000000000000000000000000000000000000000000000000000000000000000000000000000000000000000000000000000000000000000
00000000000000000000000000000000000000000000000000000000000000000000000000000000000000000000000000000000000000000000000000000000
00000000000000000000000000000000000000000000000000000000000000000000000000000000000000000000000000000000000000000000000000000000
00000000000000000000000000000000000000000000000000000000000000000000000000000000000000000000000000000000000000000000000000000000
00000000000000000000000000000000000000000000000000000000000000000000000000000000000000000000000000000000000000000000000000000000
00000000000000000000000000000000000000000000000000000000000000000000000000000000000000000000000000000000000000000000000000000000
00000000000000000000000000000000000000000000000000000000000000000000000000000000000000000000000000000000000000000000000000000000
00000000000000000000000000000000000000000000000000000000000000000000000000000000000000000000000000000000000000000000000000000000
00000000000000000000000000000000000000000000000000000000000000000000000000000000000000000000000000000000000000000000000000000000
00000000000000000000000000000000000000000000000000000000000000000000000000000000000000000000000000000000000000000000000000000000
00000000000000000000000000000000000000000000000000000000000000000000000000000000000000000000000000000000000000000000000000000000
00000000000000000000000000000000000000000000000000000000000000000000000000000000000000000000000000000000000000000000000000000000
00000000000000000000000000000000000000000000000000000000000000000000000000000000000000000000000000000000000000000000000000000000
00000000000000000000000000000000000000000000000000000000000000000000000000000000000000000000000000000000000000000000000000000000
00000000000000000000000000000000000000000000000000000000000000000000000000000000000000000000000000000000000000000000000000000000
00000000000000000000000000000000000000000000000000000000000000000000000000000000000000000000000000000000000000000000000000000000
00000000000000000000000000000000000000000000000000000000000000000000000000000000000000000000000000000000000000000000000000000000
00000000000000000000000000000000000000000000000000000000000000000000000000000000000000000000000000000000000000000000000000000000
00000000000000000000000000000000000000000000000000000000000000000000000000000000000000000000000000000000000000000000000000000000
00000000000000000000000000000000000000000000000000000000000000000000000000000000000000000000000000000000000000000000000000000000
00000000000000000000000000000000000000000000000000000000000000000000000000000000000000000000000000000000000000000000000000000000
00000000000000000000000000000000000000000000000000000000000000000000000000000000000000000000000000000000000000000000000000000000
00000000000000000000000000000000000000000000000000000000000000000000000000000000000000000000000000000000000000000000000000000000
00000000000000000000000000000000000000000000000000000000000000000000000000000000000000000000000000000000000000000000000000000000
00000000000000000000000000000000000000000000000000000000000000000000000000000000000000000000000000000000000000000000000000000000
00000000000000000000000000000000000000000000000000000000000000000000000000000000000000000000000000000000000000000000000000000000
00000000000000000000000000000000000000000000000000000000000000000000000000000000000000000000000000000000000000000000000000000000
00000000000000000000000000000000000000000000000000000000000000000000000000000000000000000000000000000000000000000000000000000000
00000000000000000000000000000000000000000000000000000000000000000000000000000000000000000000000000000000000000000000000000000000
00000000000000000000000000000000000000000000000000000000000000000000000000000000000000000000000000000000000000000000000000000000
00000000000000000000000000000000000000000000000000000000000000000000000000000000000000000000000000000000000000000000000000000000
00000000000000000000000000000000000000000000000000000000000000000000000000000000000000000000000000000000000000000000000000000000
00000000000000000000000000000000000000000000000000000000000000000000000000000000000000000000000000000000000000000000000000000000
00000000000000000000000000000000000000000000000000000000000000000000000000000000000000000000000000000000000000000000000000000000
00000000000000000000000000000000000000000000000000000000000000000000000000000000000000000000000000000000000000000000000000000000
00000000000000000000000000000000000000000000000000000000000000000000000000000000000000000000000000000000000000000000000000000000
00000000000000000000000000000000000000000000000000000000000000000000000000000000000000000000000000000000000000000000000000000000
00000000000000000000000000000000000000000000000000000000000000000000000000000000000000000000000000000000000000000000000000000000
00000000000000000000000000000000000000000000000000000000000000000000000000000000000000000000000000000000000000000000000000000000
00000000000000000000000000000000000000000000000000000000000000000000000000000000000000000000000000000000000000000000000000000000
00000000000000000000000000000000000000000000000000000000000000000000000000000000000000000000000000000000000000000000000000000000
00000000000000000000000000000000000000000000000000000000000000000000000000000000000000000000000000000000000000000000000000000000
00000000000000000000000000000000000000000000000000000000000000000000000000000000000000000000000000000000000000000000000000000000
00000000000000000000000000000000000000000000000000000000000000000000000000000000000000000000000000000000000000000000000000000000
00000000000000000000000000000000000000000000000000000000000000000000000000000000000000000000000000000000000000000000000000000000
00000000000000000000000000000000000000000000000000000000000000000000000000000000000000000000000000000000000000000000000000000000
00000000000000000000000000000000000000000000000000000000000000000000000000000000000000000000000000000000000000000000000000000000
00000000000000000000000000000000000000000000000000000000000000000000000000000000000000000000000000000000000000000000000000000000
00000000000000000000000000000000000000000000000000000000000000000000000000000000000000000000000000000000000000000000000000000000
00000000000000000000000000000000000000000000000000000000000000000000000000000000000000000000000000000000000000000000000000000000
00000000000000000000000000000000000000000000000000000000000000000000000000000000000000000000000000000000000000000000000000000000
00000000000000000000000000000000000000000000000000000000000000000000000000000000000000000000000000000000000000000000000000000000
00000000000000000000000000000000000000000000000000000000000000000000000000000000000000000000000000000000000000000000000000000000
00000000000000000000000000000000000000000000000000000000000000000000000000000000000000000000000000000000000000000000000000000000
00000000000000000000000000000000000000000000000000000000000000000000000000000000000000000000000000000000000000000000000000000000
00000000000000000000000000000000000000000000000000000000000000000000000000000000000000000000000000000000000000000000000000000000
00000000000000000000000000000000000000000000000000000000000000000000000000000000000000000000000000000000000000000000000000000000
00000000000000000000000000000000000000000000000000000000000000000000000000000000000000000000000000000000000000000000000000000000
00000000000000000000000000000000000000000000000000000000000000000000000000000000000000000000000000000000000000000000000000000000
00000000000000000000000000000000000000000000000000000000000000000000000000000000000000000000000000000000000000000000000000000000
00000000000000000000000000000000000000000000000000000000000000000000000000000000000000000000000000000000000000000000000000000000
00000000000000000000000000000000000000000000000000000000000000000000000000000000000000000000000000000000000000000000000000000000
00000000000000000000000000000000000000000000000000000000000000000000000000000000000000000000000000000000000000000000000000000000
00000000000000000000000000000000000000000000000000000000000000000000000000000000000000000000000000000000000000000000000000000000
00000000000000000000000000000000000000000000000000000000000000000000000000000000000000000000000000000000000000000000000000000000
00000000000000000000000000000000000000000000000000000000000000000000000000000000000000000000000000000000000000000000000000000000
00000000000000000000000000000000000000000000000000000000000000000000000000000000000000000000000000000000000000000000000000000000
00000000000000000000000000000000000000000000000000000000000000000000000000000000000000000000000000000000000000000000000000000000
00000000000000000000000000000000000000000000000000000000000000000000000000000000000000000000000000000000000000000000000000000000
00000000000000000000000000000000000000000000000000000000000000000000000000000000000000000000000000000000000000000000000000000000
00000000000000000000000000000000000000000000000000000000000000000000000000000000000000000000000000000000000000000000000000000000
00000000000000000000000000000000000000000000000000000000000000000000000000000000000000000000000000000000000000000000000000000000
00000000000000000000000000000000000000000000000000000000000000000000000000000000000000000000000000000000000000000000000000000000
00000000000000000000000000000000000000000000000000000000000000000000000000000000000000000000000000000000000000000000000000000000
00000000000000000000000000000000000000000000000000000000000000000000000000000000000000000000000000000000000000000000000000000000
00000000000000000000000000000000000000000000000000000000000000000000000000000000000000000000000000000000000000000000000000000000
00000000000000000000000000000000000000000000000000000000000000000000000000000000000000000000000000000000000000000000000000000000
00000000000000000000000000000000000000000000000000000000000000000000000000000000000000000000000000000000000000000000000000000000
00000000000000000000000000000000000000000000000000000000000000000000000000000000000000000000000000000000000000000000000000000000
00000000000000000000000000000000000000000000000000000000000000000000000000000000000000000000000000000000000000000000000000000000
00000000000000000000000000000000000000000000000000000000000000000000000000000000000000000000000000000000000000000000000000000000
00000000000000000000000000000000000000000000000000000000000000000000000000000000000000000000000000000000000000000000000000000000
00000000000000000000000000000000000000000000000000000000000000000000000000000000000000000000000000000000000000000000000000000000
00000000000000000000000000000000000000000000000000000000000000000000000000000000000000000000000000000000000000000000000000000000
00000000000000000000000000000000000000000000000000000000000000000000000000000000000000000000000000000000000000000000000000000000
00000000000000000000000000000000000000000000000000000000000000000000000000000000000000000000000000000000000000000000000000000000
00000000000000000000000000000000000000000000000000000000000000000000000000000000000000000000000000000000000000000000000000000000
00000000000000000000000000000000000000000000000000000000000000000000000000000000000000000000000000000000000000000000000000000000
00000000000000000000000000000000000000000000000000000000000000000000000000000000000000000000000000000000000000000000000000000000
00000000000000000000000000000000000000000000000000000000000000000000000000000000000000000000000000000000000000000000000000000000
00000000000000000000000000000000000000000000000000000000000000000000000000000000000000000000000000000000000000000000000000000000
00000000000000000000000000000000000000000000000000000000000000000000000000000000000000000000000000000000000000000000000000000000
00000000000000000000000000000000000000000000000000000000000000000000000000000000000000000000000000000000000000000000000000000000
00000000000000000000000000000000000000000000000000000000000000000000000000000000000000000000000000000000000000000000000000000000
00000000000000000000000000000000000000000000000000000000000000000000000000000000000000000000000000000000000000000000000000000000
00000000000000000000000000000000000000000000000000000000000000000000000000000000000000000000000000000000000000000000000000000000
00000000000000000000000000000000000000000000000000000000000000000000000000000000000000000000000000000000000000000000000000000000
00000000000000000000000000000000000000000000000000000000000000000000000000000000000000000000000000000000000000000000000000000000
00000000000000000000000000000000000000000000000000000000000000000000000000000000000000000000000000000000000000000000000000000000
00000000000000000000000000000000000000000000000000000000000000000000000000000000000000000000000000000000000000000000000000000000
00000000000000000000000000000000000000000000000000000000000000000000000000000000000000000000000000000000000000000000000000000000
00000000000000000000000000000000000000000000000000000000000000000000000000000000000000000000000000000000000000000000000000000000
00000000000000000000000000000000000000000000000000000000000000000000000000000000000000000000000000000000000000000000000000000000
00000000000000000000000000000000000000000000000000000000000000000000000000000000000000000000000000000000000000000000000000000000
00000000000000000000000000000000000000000000000000000000000000000000000000000000000000000000000000000000000000000000000000000000
00000000000000000000000000000000000000000000000000000000000000000000000000000000000000000000000000000000000000000000000000000000
00000000000000000000000000000000000000000000000000000000000000000000000000000000000000000000000000000000000000000000000000000000
00000000000000000000000000000000000000000000000000000000000000000000000000000000000000000000000000000000000000000000000000000000
00000000000000000000000000000000000000000000000000000000000000000000000000000000000000000000000000000000000000000000000000000000
00000000000000000000000000000000000000000000000000000000000000000000000000000000000000000000000000000000000000000000000000000000
00000000000000000000000000000000000000000000000000000000000000000000000000000000000000000000000000000000000000000000000000000000
00000000000000000000000000000000000000000000000000000000000000000000000000000000000000000000000000000000000000000000000000000000
00000000000000000000000000000000000000000000000000000000000000000000000000000000000000000000000000000000000000000000000000000000
00000000000000000000000000000000000000000000000000000000000000000000000000000000000000000000000000000000000000000000000000000000
00000000000000000000000000000000000000000000000000000000000000000000000000000000000000000000000000000000000000000000000000000000
00000000000000000000000000000000000000000000000000000000000000000000000000000000000000000000000000000000000000000000000000000000
00000000000000000000000000000000000000000000000000000000000000000000000000000000000000000000000000000000000000000000000000000000
00000000000000000000000000000000000000000000000000000000000000000000000000000000000000000000000000000000000000000000000000000000
00000000000000000000000000000000000000000000000000000000000000000000000000000000000000000000000000000000000000000000000000000000
00000000000000000000000000000000000000000000000000000000000000000000000000000000000000000000000000000000000000000000000000000000
00000000000000000000000000000000000000000000000000000000000000000000000000000000000000000000000000000000000000000000000000000000
00000000000000000000000000000000000000000000000000000000000000000000000000000000000000000000000000000000000000000000000000000000
00000000000000000000000000000000000000000000000000000000000000000000000000000000000000000000000000000000000000000000000000000000
00000000000000000000000000000000000000000000000000000000000000000000000000000000000000000000000000000000000000000000000000000000
00000000000000000000000000000000000000000000000000000000000000000000000000000000000000000000000000000000000000000000000000000000
00000000000000000000000000000000000000000000000000000000000000000000000000000000000000000000000000000000000000000000000000000000
00000000000000000000000000000000000000000000000000000000000000000000000000000000000000000000000000000000000000000000000000000000
00000000000000000000000000000000000000000000000000000000000000000000000000000000000000000000000000000000000000000000000000000000
00000000000000000000000000000000000000000000000000000000000000000000000000000000000000000000000000000000000000000000000000000000
00000000000000000000000000000000000000000000000000000000000000000000000000000000000000000000000000000000000000000000000000000000
00000000000000000000000000000000000000000000000000000000000000000000000000000000000000000000000000000000000000000000000000000000
00000000000000000000000000000000000000000000000000000000000000000000000000000000000000000000000000000000000000000000000000000000
00000000000000000000000000000000000000000000000000000000000000000000000000000000000000000000000000000000000000000000000000000000
00000000000000000000000000000000000000000000000000000000000000000000000000000000000000000000000000000000000000000000000000000000
00000000000000000000000000000000000000000000000000000000000000000000000000000000000000000000000000000000000000000000000000000000
00000000000000000000000000000000000000000000000000000000000000000000000000000000000000000000000000000000000000000000000000000000
00000000000000000000000000000000000000000000000000000000000000000000000000000000000000000000000000000000000000000000000000000000
00000000000000000000000000000000000000000000000000000000000000000000000000000000000000000000000000000000000000000000000000000000
00000000000000000000000000000000000000000000000000000000000000000000000000000000000000000000000000000000000000000000000000000000
00000000000000000000000000000000000000000000000000000000000000000000000000000000000000000000000000000000000000000000000000000000
00000000000000000000000000000000000000000000000000000000000000000000000000000000000000000000000000000000000000000000000000000000
00000000000000000000000000000000000000000000000000000000000000000000000000000000000000000000000000000000000000000000000000000000
00000000000000000000000000000000000000000000000000000000000000000000000000000000000000000000000000000000000000000000000000000000
00000000000000000000000000000000000000000000000000000000000000000000000000000000000000000000000000000000000000000000000000000000
00000000000000000000000000000000000000000000000000000000000000000000000000000000000000000000000000000000000000000000000000000000
00000000000000000000000000000000000000000000000000000000000000000000000000000000000000000000000000000000000000000000000000000000
00000000000000000000000000000000000000000000000000000000000000000000000000000000000000000000000000000000000000000000000000000000
00000000000000000000000000000000000000000000000000000000000000000000000000000000000000000000000000000000000000000000000000000000
00000000000000000000000000000000000000000000000000000000000000000000000000000000000000000000000000000000000000000000000000000000
00000000000000000000000000000000000000000000000000000000000000000000000000000000000000000000000000000000000000000000000000000000
00000000000000000000000000000000000000000000000000000000000000000000000000000000000000000000000000000000000000000000000000000000
00000000000000000000000000000000000000000000000000000000000000000000000000000000000000000000000000000000000000000000000000000000
00000000000000000000000000000000000000000000000000000000000000000000000000000000000000000000000000000000000000000000000000000000
00000000000000000000000000000000000000000000000000000000000000000000000000000000000000000000000000000000000000000000000000000000
00000000000000000000000000000000000000000000000000000000000000000000000000000000000000000000000000000000000000000000000000000000
00000000000000000000000000000000000000000000000000000000000000000000000000000000000000000000000000000000000000000000000000000000
00000000000000000000000000000000000000000000000000000000000000000000000000000000000000000000000000000000000000000000000000000000
00000000000000000000000000000000000000000000000000000000000000000000000000000000000000000000000000000000000000000000000000000000
00000000000000000000000000000000000000000000000000000000000000000000000000000000000000000000000000000000000000000000000000000000
00000000000000000000000000000000000000000000000000000000000000000000000000000000000000000000000000000000000000000000000000000000
00000000000000000000000000000000000000000000000000000000000000000000000000000000000000000000000000000000000000000000000000000000
00000000000000000000000000000000000000000000000000000000000000000000000000000000000000000000000000000000000000000000000000000000
00000000000000000000000000000000000000000000000000000000000000000000000000000000000000000000000000000000000000000000000000000000
00000000000000000000000000000000000000000000000000000000000000000000000000000000000000000000000000000000000000000000000000000000
00000000000000000000000000000000000000000000000000000000000000000000000000000000000000000000000000000000000000000000000000000000
00000000000000000000000000000000000000000000000000000000000000000000000000000000000000000000000000000000000000000000000000000000
00000000000000000000000000000000000000000000000000000000000000000000000000000000000000000000000000000000000000000000000000000000
00000000000000000000000000000000000000000000000000000000000000000000000000000000000000000000000000000000000000000000000000000000
00000000000000000000000000000000000000000000000000000000000000000000000000000000000000000000000000000000000000000000000000000000
00000000000000000000000000000000000000000000000000000000000000000000000000000000000000000000000000000000000000000000000000000000
00000000000000000000000000000000000000000000000000000000000000000000000000000000000000000000000000000000000000000000000000000000
00000000000000000000000000000000000000000000000000000000000000000000000000000000000000000000000000000000000000000000000000000000
00000000000000000000000000000000000000000000000000000000000000000000000000000000000000000000000000000000000000000000000000000000
00000000000000000000000000000000000000000000000000000000000000000000000000000000000000000000000000000000000000000000000000000000
00000000000000000000000000000000000000000000000000000000000000000000000000000000000000000000000000000000000000000000000000000000
00000000000000000000000000000000000000000000000000000000000000000000000000000000000000000000000000000000000000000000000000000000
00000000000000000000000000000000000000000000000000000000000000000000000000000000000000000000000000000000000000000000000000000000
00000000000000000000000000000000000000000000000000000000000000000000000000000000000000000000000000000000000000000000000000000000
00000000000000000000000000000000000000000000000000000000000000000000000000000000000000000000000000000000000000000000000000000000
00000000000000000000000000000000000000000000000000000000000000000000000000000000000000000000000000000000000000000000000000000000
00000000000000000000000000000000000000000000000000000000000000000000000000000000000000000000000000000000000000000000000000000000
00000000000000000000000000000000000000000000000000000000000000000000000000000000000000000000000000000000000000000000000000000000
00000000000000000000000000000000000000000000000000000000000000000000000000000000000000000000000000000000000000000000000000000000
00000000000000000000000000000000000000000000000000000000000000000000000000000000000000000000000000000000000000000000000000000000
00000000000000000000000000000000000000000000000000000000000000000000000000000000000000000000000000000000000000000000000000000000
00000000000000000000000000000000000000000000000000000000000000000000000000000000000000000000000000000000000000000000000000000000
00000000000000000000000000000000000000000000000000000000000000000000000000000000000000000000000000000000000000000000000000000000
00000000000000000000000000000000000000000000000000000000000000000000000000000000000000000000000000000000000000000000000000000000
00000000000000000000000000000000000000000000000000000000000000000000000000000000000000000000000000000000000000000000000000000000
00000000000000000000000000000000000000000000000000000000000000000000000000000000000000000000000000000000000000000000000000000000
00000000000000000000000000000000000000000000000000000000000000000000000000000000000000000000000000000000000000000000000000000000
00000000000000000000000000000000000000000000000000000000000000000000000000000000000000000000000000000000000000000000000000000000
00000000000000000000000000000000000000000000000000000000000000000000000000000000000000000000000000000000000000000000000000000000
00000000000000000000000000000000000000000000000000000000000000000000000000000000000000000000000000000000000000000000000000000000
00000000000000000000000000000000000000000000000000000000000000000000000000000000000000000000000000000000000000000000000000000000
00000000000000000000000000000000000000000000000000000000000000000000000000000000000000000000000000000000000000000000000000000000
00000000000000000000000000000000000000000000000000000000000000000000000000000000000000000000000000000000000000000000000000000000
00000000000000000000000000000000000000000000000000000000000000000000000000000000000000000000000000000000000000000000000000000000
00000000000000000000000000000000000000000000000000000000000000000000000000000000000000000000000000000000000000000000000000000000
00000000000000000000000000000000000000000000000000000000000000000000000000000000000000000000000000000000000000000000000000000000
00000000000000000000000000000000000000000000000000000000000000000000000000000000000000000000000000000000000000000000000000000000
00000000000000000000000000000000000000000000000000000000000000000000000000000000000000000000000000000000000000000000000000000000
00000000000000000000000000000000000000000000000000000000000000000000000000000000000000000000000000000000000000000000000000000000
00000000000000000000000000000000000000000000000000000000000000000000000000000000000000000000000000000000000000000000000000000000
00000000000000000000000000000000000000000000000000000000000000000000000000000000000000000000000000000000000000000000000000000000
00000000000000000000000000000000000000000000000000000000000000000000000000000000000000000000000000000000000000000000000000000000
00000000000000000000000000000000000000000000000000000000000000000000000000000000000000000000000000000000000000000000000000000000
00000000000000000000000000000000000000000000000000000000000000000000000000000000000000000000000000000000000000000000000000000000
00000000000000000000000000000000000000000000000000000000000000000000000000000000000000000000000000000000000000000000000000000000
00000000000000000000000000000000000000000000000000000000000000000000000000000000000000000000000000000000000000000000000000000000
00000000000000000000000000000000000000000000000000000000000000000000000000000000000000000000000000000000000000000000000000000000
00000000000000000000000000000000000000000000000000000000000000000000000000000000000000000000000000000000000000000000000000000000
00000000000000000000000000000000000000000000000000000000000000000000000000000000000000000000000000000000000000000000000000000000
00000000000000000000000000000000000000000000000000000000000000000000000000000000000000000000000000000000000000000000000000000000
00000000000000000000000000000000000000000000000000000000000000000000000000000000000000000000000000000000000000000000000000000000
00000000000000000000000000000000000000000000000000000000000000000000000000000000000000000000000000000000000000000000000000000000
00000000000000000000000000000000000000000000000000000000000000000000000000000000000000000000000000000000000000000000000000000000
00000000000000000000000000000000000000000000000000000000000000000000000000000000000000000000000000000000000000000000000000000000
00000000000000000000000000000000000000000000000000000000000000000000000000000000000000000000000000000000000000000000000000000000
00000000000000000000000000000000000000000000000000000000000000000000000000000000000000000000000000000000000000000000000000000000
00000000000000000000000000000000000000000000000000000000000000000000000000000000000000000000000000000000000000000000000000000000
00000000000000000000000000000000000000000000000000000000000000000000000000000000000000000000000000000000000000000000000000000000
00000000000000000000000000000000000000000000000000000000000000000000000000000000000000000000000000000000000000000000000000000000
00000000000000000000000000000000000000000000000000000000000000000000000000000000000000000000000000000000000000000000000000000000
00000000000000000000000000000000000000000000000000000000000000000000000000000000000000000000000000000000000000000000000000000000
00000000000000000000000000000000000000000000000000000000000000000000000000000000000000000000000000000000000000000000000000000000
00000000000000000000000000000000000000000000000000000000000000000000000000000000000000000000000000000000000000000000000000000000
00000000000000000000000000000000000000000000000000000000000000000000000000000000000000000000000000000000000000000000000000000000
00000000000000000000000000000000000000000000000000000000000000000000000000000000000000000000000000000000000000000000000000000000
00000000000000000000000000000000000000000000000000000000000000000000000000000000000000000000000000000000000000000000000000000000
00000000000000000000000000000000000000000000000000000000000000000000000000000000000000000000000000000000000000000000000000000000
00000000000000000000000000000000000000000000000000000000000000000000000000000000000000000000000000000000000000000000000000000000
00000000000000000000000000000000000000000000000000000000000000000000000000000000000000000000000000000000000000000000000000000000
00000000000000000000000000000000000000000000000000000000000000000000000000000000000000000000000000000000000000000000000000000000
00000000000000000000000000000000000000000000000000000000000000000000000000000000000000000000000000000000000000000000000000000000
00000000000000000000000000000000000000000000000000000000000000000000000000000000000000000000000000000000000000000000000000000000
00000000000000000000000000000000000000000000000000000000000000000000000000000000000000000000000000000000000000000000000000000000
00000000000000000000000000000000000000000000000000000000000000000000000000000000000000000000000000000000000000000000000000000000
00000000000000000000000000000000000000000000000000000000000000000000000000000000000000000000000000000000000000000000000000000000
00000000000000000000000000000000000000000000000000000000000000000000000000000000000000000000000000000000000000000000000000000000
00000000000000000000000000000000000000000000000000000000000000000000000000000000000000000000000000000000000000000000000000000000
00000000000000000000000000000000000000000000000000000000000000000000000000000000000000000000000000000000000000000000000000000000
00000000000000000000000000000000000000000000000000000000000000000000000000000000000000000000000000000000000000000000000000000000
00000000000000000000000000000000000000000000000000000000000000000000000000000000000000000000000000000000000000000000000000000000
00000000000000000000000000000000000000000000000000000000000000000000000000000000000000000000000000000000000000000000000000000000
00000000000000000000000000000000000000000000000000000000000000000000000000000000000000000000000000000000000000000000000000000000
00000000000000000000000000000000000000000000000000000000000000000000000000000000000000000000000000000000000000000000000000000000
00000000000000000000000000000000000000000000000000000000000000000000000000000000000000000000000000000000000000000000000000000000
00000000000000000000000000000000000000000000000000000000000000000000000000000000000000000000000000000000000000000000000000000000
00000000000000000000000000000000000000000000000000000000000000000000000000000000000000000000000000000000000000000000000000000000
00000000000000000000000000000000000000000000000000000000000000000000000000000000000000000000000000000000000000000000000000000000
00000000000000000000000000000000000000000000000000000000000000000000000000000000000000000000000000000000000000000000000000000000
00000000000000000000000000000000000000000000000000000000000000000000000000000000000000000000000000000000000000000000000000000000
00000000000000000000000000000000000000000000000000000000000000000000000000000000000000000000000000000000000000000000000000000000
00000000000000000000000000000000000000000000000000000000000000000000000000000000000000000000000000000000000000000000000000000000
00000000000000000000000000000000000000000000000000000000000000000000000000000000000000000000000000000000000000000000000000000000
00000000000000000000000000000000000000000000000000000000000000000000000000000000000000000000000000000000000000000000000000000000
00000000000000000000000000000000000000000000000000000000000000000000000000000000000000000000000000000000000000000000000000000000
00000000000000000000000000000000000000000000000000000000000000000000000000000000000000000000000000000000000000000000000000000000
00000000000000000000000000000000000000000000000000000000000000000000000000000000000000000000000000000000000000000000000000000000
00000000000000000000000000000000000000000000000000000000000000000000000000000000000000000000000000000000000000000000000000000000
00000000000000000000000000000000000000000000000000000000000000000000000000000000000000000000000000000000000000000000000000000000
00000000000000000000000000000000000000000000000000000000000000000000000000000000000000000000000000000000000000000000000000000000
00000000000000000000000000000000000000000000000000000000000000000000000000000000000000000000000000000000000000000000000000000000
00000000000000000000000000000000000000000000000000000000000000000000000000000000000000000000000000000000000000000000000000000000
00000000000000000000000000000000000000000000000000000000000000000000000000000000000000000000000000000000000000000000000000000000
00000000000000000000000000000000000000000000000000000000000000000000000000000000000000000000000000000000000000000000000000000000
00000000000000000000000000000000000000000000000000000000000000000000000000000000000000000000000000000000000000000000000000000000
00000000000000000000000000000000000000000000000000000000000000000000000000000000000000000000000000000000000000000000000000000000
00000000000000000000000000000000000000000000000000000000000000000000000000000000000000000000000000000000000000000000000000000000
00000000000000000000000000000000000000000000000000000000000000000000000000000000000000000000000000000000000000000000000000000000
*
CD0FE*
NOTE FEATURE_ROW*
E0000000000000000000000000000000000000000000000000000000000000000
0000010000100000*
NOTE User Electronic Signature Data*
UH00000000*
394A
